Id,MSSubClass,MSZoning,LotFrontage,LotArea,Street,Alley,LotShape,LandContour,Utilities,LotConfig,LandSlope,Neighborhood,Condition1,Condition2,BldgType,HouseStyle,OverallQual,OverallCond,YearBuilt,YearRemodAdd,RoofStyle,RoofMatl,Exterior1st,Exterior2nd,MasVnrType,MasVnrArea,ExterQual,ExterCond,Foundation,BsmtQual,BsmtCond,BsmtExposure,BsmtFinType1,BsmtFinSF1,BsmtFinType2,BsmtFinSF2,BsmtUnfSF,TotalBsmtSF,Heating,HeatingQC,CentralAir,Electrical,1stFlrSF,2ndFlrSF,LowQualFinSF,GrLivArea,BsmtFullBath,BsmtHalfBath,FullBath,HalfBath,BedroomAbvGr,KitchenAbvGr,KitchenQual,TotRmsAbvGrd,Functional,Fireplaces,FireplaceQu,GarageType,GarageYrBlt,GarageFinish,GarageCars,GarageArea,GarageQual,GarageCond,PavedDrive,WoodDeckSF,OpenPorchSF,EnclosedPorch,3SsnPorch,ScreenPorch,PoolArea,PoolQC,Fence,MiscFeature,MiscVal,MoSold,YrSold,SaleType,SaleCondition,SalePrice
0.0,0.6666666666666667,0.0,0.3529411764705882,0.15438560829352577,0.0,0.0,1.0,0.0,0.0,1.0,0.0,0.0,0.0,0.0,0.0,0.7142857142857142,0.75,0.0,0.913043478260871,0.8983050847457577,0.0,0.0,0.9000000000000001,0.8,0.0,0.5632183908045977,0.0,0.0,1.0,0.0,0.0,0.6666666666666667,0.4,0.4822404371584699,0.0,0.0,0.06935687263556116,0.2920792079207921,0.0,0.0,0.0,0.0,0.11570827489481067,0.6630434782608695,0.0,0.5464547677261613,1.0,0.0,1.0,1.0,0.6666666666666667,0.0,0.0,0.6666666666666666,0.0,0.0,1.0,0.0,0.9047619047619051,0.5,0.5,0.4666666666666667,0.0,0.0,0.0,0.0,0.3935483870967742,0.0,0.0,0.0,0.0,0.0,0.0,0.0,0.0,0.09090909090909091,0.5,0.0,0.0,0.5640107430617726
0.001374570446735395,0.6666666666666667,0.0,0.3970588235294118,0.4389673747332047,0.0,0.0,0.0,0.0,0.0,1.0,0.0,0.0,0.0,0.0,0.0,0.7142857142857142,0.75,0.0,0.8840579710144922,0.8813559322033839,0.0,0.0,0.9000000000000001,0.8,0.0,0.46551724137931033,0.0,0.0,1.0,0.0,0.0,0.3333333333333333,0.4,0.3319672131147541,0.0,0.0,0.2484237074401009,0.33168316831683176,0.0,0.0,0.0,0.0,0.1605890603085554,0.6723602484472049,0.0,0.5929095354523226,1.0,0.0,1.0,1.0,0.6666666666666667,0.0,0.0,0.33333333333333337,0.0,0.5,0.75,0.0,0.8730158730158735,0.5,0.5,0.5575757575757576,0.0,0.0,0.0,0.0,0.2709677419354839,0.0,0.0,0.0,0.0,0.0,0.0,0.0,0.0,0.7272727272727273,0.5,0.0,0.0,0.631154879140555
0.03917525773195877,0.6666666666666667,0.0,0.7058823529411765,0.4791137310702308,0.0,0.0,0.0,0.0,0.0,0.0,0.0,0.0,0.0,0.0,0.0,0.7142857142857142,0.75,0.0,0.9275362318840585,0.9152542372881314,0.0,0.0,0.9000000000000001,0.8,1.0,0.0,0.0,0.0,1.0,0.0,0.0,0.6666666666666667,1.0,0.0,0.0,0.0,0.5170239596469104,0.2945544554455446,0.0,0.0,0.0,0.0,0.11851332398316966,0.6677018633540373,0.0,0.5525672371638142,0.0,0.0,1.0,1.0,0.6666666666666667,0.0,0.0,0.4999999999999999,0.0,0.0,1.0,0.0,0.9206349206349209,0.5,0.5,0.49242424242424243,0.0,0.0,0.0,0.0,0.45161290322580644,0.0,0.0,0.0,0.0,0.0,0.0,0.0,0.0,0.6363636363636364,0.0,0.0,0.0,0.5102954341987466
0.048797250859106536,0.0,0.0,0.4117647058823529,0.0678930785648949,0.0,0.0,1.0,0.0,0.0,0.0,0.0,0.31578947368421056,0.0,0.0,0.0,0.2857142857142857,0.0,0.5,0.608695652173914,0.9491525423728788,0.0,0.0,0.30000000000000004,0.5,1.0,0.0,1.0,0.0,0.0,1.0,0.0,0.6666666666666667,0.0,0.3859289617486339,0.0,0.0,0.15132408575031528,0.28527227722772275,0.0,1.0,0.0,0.0,0.10799438990182325,0.0,0.0,0.017726161369193083,1.0,0.0,0.0,0.0,0.3333333333333333,0.0,1.0,0.0,0.0,0.0,1.0,1.0,0.650793650793652,1.0,0.5,0.18181818181818177,0.0,0.0,0.0,0.0,0.0,0.0,0.0,0.0,0.0,0.0,0.0,0.0,0.0,0.4545454545454545,0.25,0.0,0.0,0.21038495971351834
0.06872852233676977,0.0,0.0,,0.3732086594166074,0.0,0.0,0.0,0.0,0.0,1.0,0.0,0.47368421052631576,0.0,0.0,0.0,0.2857142857142857,0.5,1.0,0.5362318840579725,0.8644067796610173,0.0,0.0,0.6,0.5,0.0,0.08045977011494253,1.0,0.0,1.0,1.0,0.0,0.3333333333333333,0.0,0.819672131147541,0.0,0.0,0.23329129886506939,0.7586633663366337,0.0,0.5,0.0,0.0,0.6444600280504909,0.0,0.0,0.48533007334963324,1.0,0.0,1.0,0.0,0.6666666666666667,0.0,0.0,0.33333333333333337,0.0,1.0,0.75,0.0,0.49206349206349387,0.5,0.5,0.36363636363636365,0.0,0.0,0.0,0.47191011235955055,0.43870967741935485,0.0,0.0,0.0,0.0,0.0,0.0,0.0,0.0,0.09090909090909091,1.0,0.0,0.0,0.5483437779767233
0.06941580756013746,0.6666666666666667,0.0,0.5294117647058824,0.2312226852322391,0.0,0.0,1.0,0.0,0.0,1.0,0.0,0.7894736842105263,0.0,0.0,0.0,0.7142857142857142,0.5,0.0,0.6521739130434767,0.5932203389830448,0.0,0.0,0.30000000000000004,0.10000000000000009,0.0,0.9655172413793103,0.0,0.0,0.0,0.0,0.0,0.6666666666666667,1.0,0.0,0.0,0.0,0.4419924337957125,0.22091584158415845,0.0,1.0,0.0,0.0,0.20056100981767183,0.5861801242236024,0.0,0.5599022004889975,0.0,0.0,1.0,1.0,0.6666666666666667,0.0,0.0,0.4999999999999999,0.0,0.5,0.75,0.0,0.6190476190476204,0.0,0.5,0.35757575757575755,0.0,0.0,0.0,0.5393258426966292,0.2967741935483871,0.0,0.0,0.0,0.0,0.0,0.0,0.0,0.0,0.4545454545454545,1.0,0.0,0.0,0.42748433303491495
0.07079037800687286,0.0,0.0,0.7794117647058824,0.3527797540400447,0.0,0.0,0.0,0.0,0.0,0.0,0.0,0.0,0.0,0.0,0.0,0.2857142857142857,0.75,0.0,1.0,1.0,0.0,0.0,0.9000000000000001,0.8,1.0,0.0,1.0,0.0,1.0,0.0,0.0,0.6666666666666667,1.0,0.0,0.0,0.0,0.7477931904161412,0.5210396039603961,0.0,0.0,0.0,0.0,0.37517531556802247,0.0,0.0,0.2506112469437653,0.0,0.0,1.0,0.0,0.6666666666666667,0.0,0.0,0.33333333333333337,0.0,0.0,1.0,0.0,1.0,0.5,1.0,0.7575757575757575,0.0,0.0,0.0,0.0,0.23225806451612904,0.0,0.0,0.0,0.0,0.0,0.0,0.0,0.0,0.36363636363636365,1.0,0.0,0.0,0.5210384959713518
0.07628865979381444,1.0,0.0,,0.08324016668360612,0.0,0.0,0.0,0.0,0.0,1.0,0.0,0.15789473684210525,0.0,0.0,0.0,1.0,0.75,0.0,0.8695652173913047,0.8474576271186436,0.0,0.0,0.9000000000000001,0.8,1.0,0.0,1.0,0.0,1.0,0.0,0.0,0.6666666666666667,0.4,0.17076502732240437,0.0,0.0,0.0592686002522068,0.0,0.0,0.0,0.0,0.0,0.058204768583450195,0.5093167701863354,0.0,0.3753056234718826,0.0,0.0,1.0,1.0,0.6666666666666667,0.0,1.0,0.4999999999999999,0.0,0.5,0.75,0.5,0.8571428571428577,0.0,0.5,0.24242424242424243,0.0,0.0,0.0,0.5056179775280899,0.0,0.0,0.0,0.0,0.0,0.0,0.0,0.0,0.0,0.2727272727272727,1.0,0.0,0.0,0.43643688451208595
0.0900343642611684,0.6666666666666667,0.0,,0.53796117491615,0.0,0.0,0.0,0.0,0.0,0.0,0.0,0.15789473684210525,0.0,0.0,0.0,0.7142857142857142,0.5,0.0,0.8695652173913047,0.8474576271186436,0.0,0.0,0.9000000000000001,0.8,0.0,0.11494252873563218,0.0,0.0,1.0,0.0,0.0,0.6666666666666667,0.4,0.47472677595628415,0.0,0.0,0.16204287515762927,0.37623762376237624,0.0,0.0,0.0,0.0,0.23211781206171106,0.8012422360248447,0.0,0.756723716381418,1.0,0.0,1.0,1.0,0.6666666666666667,0.0,0.0,0.4999999999999999,0.0,0.5,0.75,0.5,0.8571428571428577,0.5,0.5,0.2272727272727273,0.0,0.0,0.0,0.06741573033707865,0.3096774193548387,0.0,0.0,0.0,0.0,0.0,0.0,0.0,0.0,0.5454545454545454,0.75,0.0,0.0,0.7229185317815576
0.0907216494845361,0.0,0.0,0.5000000000000001,0.04644780973676188,0.0,0.0,1.0,0.0,0.0,0.0,0.0,0.3684210526315789,0.0,0.0,0.0,0.2857142857142857,0.25,0.5,0.27536231884057827,0.8813559322033839,0.0,0.0,0.5,0.30000000000000004,1.0,0.0,1.0,0.0,0.0,1.0,0.0,0.6666666666666667,0.8,0.2766393442622951,0.0,0.0,0.3896595208070618,0.42017326732673266,0.0,0.5,0.0,0.0,0.44600280504908835,0.0,0.0,0.31234718826405866,1.0,0.0,0.0,0.0,0.6666666666666667,0.0,0.0,0.4999999999999999,0.0,0.0,1.0,1.0,0.4444444444444464,1.0,0.5,0.5818181818181818,0.0,0.0,0.0,0.0,0.0,0.0,0.0,0.0,0.0,0.0,0.0,0.0,0.0,0.5454545454545454,0.25,0.0,0.0,0.3055058191584601
0.09347079037800689,0.0,0.0,,0.3480028458176644,0.0,0.0,0.0,0.0,0.0,0.0,0.0,0.3684210526315789,0.0,0.0,0.0,0.2857142857142857,0.25,0.0,0.39130434782608603,0.2881355932203391,0.0,0.0,0.5,0.30000000000000004,0.0,0.5632183908045977,1.0,0.0,0.0,1.0,0.0,0.6666666666666667,0.2,0.47472677595628415,0.0,0.0,0.3020176544766709,0.5136138613861386,0.0,1.0,0.0,0.0,0.3667601683029453,0.0,0.0,0.24327628361858183,0.0,0.0,1.0,0.0,0.6666666666666667,0.0,1.0,0.16666666666666663,0.0,0.5,0.0,0.0,0.3333333333333357,0.5,0.0,0.11818181818181817,0.0,0.0,0.0,0.0,0.7161290322580646,0.0,0.0,0.0,0.0,0.0,0.0,0.0,0.0,0.5454545454545454,0.25,0.0,0.0,0.2708146821844225
0.09828178694158077,0.0,0.0,0.5441176470588235,0.3459701189145238,0.0,0.0,0.0,0.0,0.0,1.0,0.0,0.0,0.0,0.0,0.0,0.2857142857142857,0.75,0.0,0.8550724637681171,0.8305084745762699,0.0,0.0,0.9000000000000001,0.8,0.0,0.5258620689655172,0.0,0.0,1.0,0.0,0.0,0.0,0.4,0.46379781420765026,0.0,0.0,0.48612862547288777,0.6844059405940595,0.0,0.0,0.0,0.0,0.568022440392707,0.0,0.0,0.4187041564792176,1.0,0.0,1.0,0.0,0.6666666666666667,0.0,0.0,0.33333333333333337,0.0,0.0,1.0,0.0,0.8412698412698418,0.5,0.5,0.5106060606060606,0.0,0.0,0.0,0.4044943820224719,0.1870967741935484,0.0,0.0,0.0,0.0,0.0,0.0,0.0,0.0,0.4545454545454545,0.75,0.0,0.0,0.5438675022381378
0.10103092783505156,0.6666666666666667,0.0,,0.26161195243419055,0.0,0.0,0.0,0.0,0.0,0.25,0.0,0.15789473684210525,0.0,0.0,0.0,0.7142857142857142,0.75,0.0,0.8840579710144922,0.8644067796610173,0.0,0.0,0.9000000000000001,0.8,0.0,0.5172413793103449,0.0,0.0,1.0,0.0,0.0,0.6666666666666667,1.0,0.0,0.0,0.0,0.5321563682219419,0.30940594059405946,0.0,0.0,0.0,0.0,0.13534361851332405,0.8936335403726707,0.0,0.7451100244498776,0.0,0.0,1.0,1.0,0.6666666666666667,0.0,0.0,0.6666666666666666,0.0,0.5,0.25,0.5,0.8730158730158735,0.0,0.5,0.29393939393939394,0.0,0.0,0.0,0.4044943820224719,0.3096774193548387,0.0,0.0,0.0,0.0,0.0,0.0,0.0,0.0,0.36363636363636365,1.0,0.0,0.0,0.6266786034019696
0.10996563573883163,0.0,0.0,,0.425754649862791,0.0,0.0,0.0,0.0,0.0,0.25,0.0,1.0,0.0,0.0,0.0,0.2857142857142857,0.5,0.5,0.6376811594202891,0.5762711864406782,0.0,0.0,0.6,0.5,1.0,0.0,1.0,0.0,1.0,0.0,0.0,0.6666666666666667,0.2,0.45081967213114754,0.0,0.0,0.3354350567465322,0.5247524752475248,0.0,1.0,0.0,0.0,0.379382889200561,0.0,0.0,0.254278728606357,0.0,0.0,1.0,0.0,0.6666666666666667,0.0,1.0,0.33333333333333337,0.0,0.0,1.0,0.0,0.6031746031746046,1.0,0.5,0.4181818181818182,0.0,0.0,0.0,0.0,0.0,0.0,0.0,0.0,0.0,0.0,0.0,0.0,0.0,0.4545454545454545,0.5,0.0,0.0,0.3581020590868397
0.1154639175257732,0.6666666666666667,0.0,0.3088235294117647,0.133448521191178,0.0,0.0,0.0,0.0,0.0,1.0,0.0,0.15789473684210525,0.0,0.0,0.0,0.7142857142857142,0.75,0.0,0.9275362318840585,0.9152542372881314,0.0,0.0,0.9000000000000001,0.8,1.0,0.0,0.0,0.0,1.0,0.0,0.0,0.6666666666666667,1.0,0.0,0.0,0.0,0.5044136191677174,0.2821782178217822,0.0,0.0,0.0,0.0,0.10448807854137449,0.6832298136645962,0.0,0.5525672371638142,0.0,0.0,1.0,1.0,0.6666666666666667,0.0,0.0,0.4999999999999999,0.0,0.5,0.25,0.0,0.9206349206349209,0.0,0.5,0.303030303030303,0.0,0.0,0.0,0.2808988764044944,0.3096774193548387,0.0,0.0,0.0,0.0,0.0,0.0,0.0,0.0,0.36363636363636365,0.25,0.0,0.0,0.4521038495971351
0.1450171821305842,0.0,0.0,0.6176470588235293,0.35460920825287123,0.0,0.0,1.0,0.0,0.0,0.0,0.0,0.10526315789473684,0.0,0.0,0.0,0.2857142857142857,0.5,0.0,1.0,1.0,0.0,0.0,0.9000000000000001,0.8,1.0,0.0,1.0,0.0,1.0,0.0,0.0,0.3333333333333333,0.4,0.02459016393442623,0.0,0.0,0.7162673392181589,0.5123762376237624,0.0,0.0,0.0,0.0,0.3653576437587657,0.0,0.0,0.24205378973105135,0.0,0.0,1.0,0.0,0.6666666666666667,0.0,0.0,0.33333333333333337,0.0,0.0,1.0,0.0,1.0,0.5,0.5,0.33333333333333337,0.0,0.0,0.0,0.2808988764044944,0.14193548387096774,0.0,0.0,0.0,0.0,0.0,0.0,0.0,0.0,0.1818181818181818,1.0,0.0,0.0,0.46329453894359884
0.14845360824742268,0.0,0.0,0.3529411764705882,0.15438560829352577,0.0,0.0,1.0,0.0,0.0,1.0,0.0,0.0,0.0,0.0,0.0,0.2857142857142857,0.75,0.0,0.9275362318840585,0.9152542372881314,0.0,0.0,0.9000000000000001,0.8,0.0,0.764367816091954,0.0,0.0,1.0,0.0,0.0,0.3333333333333333,0.4,0.6461748633879781,0.0,0.0,0.2837326607818411,0.650990099009901,0.0,0.0,0.0,0.0,0.5224403927068724,0.0,0.0,0.3789731051344743,1.0,0.0,1.0,0.0,0.6666666666666667,0.0,0.0,0.6666666666666666,0.0,0.0,1.0,0.0,0.9206349206349209,1.0,0.5,0.36969696969696964,0.0,0.0,0.0,0.3904494382022472,0.632258064516129,0.0,0.0,0.0,0.0,0.0,0.0,0.0,0.0,0.2727272727272727,0.5,0.0,0.0,0.5707251566696508
0.16082474226804125,0.6666666666666667,0.0,,0.09350543754446594,0.0,0.0,1.0,0.0,0.0,1.0,0.0,0.15789473684210525,0.0,0.0,0.0,0.7142857142857142,0.5,0.0,0.8985507246376798,0.8813559322033839,0.0,0.0,0.9000000000000001,0.8,1.0,,0.0,0.0,1.0,0.0,0.0,0.6666666666666667,0.4,0.42691256830601093,0.0,0.0,0.12295081967213113,0.2945544554455446,0.0,0.0,0.0,0.0,0.11851332398316966,0.8540372670807452,0.0,0.6992665036674817,1.0,0.0,1.0,1.0,1.0,0.0,0.0,0.6666666666666666,0.0,1.0,0.75,0.5,0.8888888888888893,0.0,0.5,0.303030303030303,0.0,0.0,0.0,0.8089887640449438,0.3096774193548387,0.0,0.0,0.0,0.0,0.0,0.0,0.0,0.0,0.36363636363636365,1.0,0.0,0.0,0.5998209489704566
0.16769759450171823,0.6666666666666667,0.0,,0.19808923671104794,0.0,0.0,0.0,0.0,0.0,1.0,0.0,0.7894736842105263,0.0,0.0,0.0,0.7142857142857142,0.75,0.0,0.7826086956521721,0.8813559322033839,0.0,0.0,0.9000000000000001,0.8,1.0,0.0,0.0,0.0,1.0,0.0,0.0,0.6666666666666667,0.4,0.47472677595628415,0.0,0.0,0.1343001261034048,0.349009900990099,0.0,0.0,0.0,0.0,0.37237026647966337,0.6894409937888198,0.0,0.7909535452322738,1.0,0.0,1.0,1.0,0.6666666666666667,0.0,0.0,0.6666666666666666,0.0,1.0,0.0,0.0,0.7619047619047628,0.5,0.5,0.3378787878787879,0.0,0.0,0.0,0.0,0.8387096774193549,0.0,0.0,0.0,0.0,0.0,0.0,0.0,0.0,0.36363636363636365,1.0,0.0,0.0,0.5483437779767233
0.170446735395189,0.6666666666666667,0.0,0.4558823529411765,0.4457770098587256,0.0,0.0,1.0,0.0,0.0,1.0,0.0,0.0,0.0,0.0,0.0,0.7142857142857142,0.75,0.0,0.913043478260871,0.8983050847457577,0.0,0.0,0.9000000000000001,0.8,0.0,0.29022988505747127,0.0,0.0,1.0,0.0,0.0,0.6666666666666667,1.0,0.0,0.0,0.0,0.5044136191677174,0.2821782178217822,0.0,0.0,0.0,0.0,0.10448807854137449,0.6428571428571428,0.0,0.5207823960880196,0.0,0.0,1.0,1.0,0.6666666666666667,0.0,0.0,0.6666666666666666,0.0,0.0,1.0,0.0,0.9047619047619051,0.5,0.5,0.3939393939393939,0.0,0.0,0.0,0.4044943820224719,0.43870967741935485,0.0,0.0,0.0,0.0,0.0,0.0,0.0,0.0,0.7272727272727273,0.25,0.0,0.0,0.43643688451208595
0.17319587628865982,0.6666666666666667,0.0,0.3529411764705882,0.14584815530033546,0.0,0.0,0.0,0.0,0.0,1.0,0.0,0.7894736842105263,0.0,0.0,0.0,0.7142857142857142,0.5,0.0,0.9275362318840585,0.9152542372881314,0.0,0.0,0.9000000000000001,0.8,1.0,0.0,0.0,0.0,1.0,0.0,0.0,0.6666666666666667,1.0,0.0,0.0,0.0,0.47793190416141235,0.2561881188118812,0.0,0.0,0.0,0.0,0.07503506311360447,0.6537267080745341,0.0,0.5036674816625917,0.0,0.0,1.0,1.0,0.6666666666666667,0.0,0.0,0.33333333333333337,0.0,0.0,1.0,0.0,0.9206349206349209,0.5,0.5,0.4242424242424242,0.0,0.0,0.0,0.38764044943820225,0.2903225806451613,0.0,0.0,0.0,0.0,0.0,0.0,0.0,0.0,0.9999999999999999,0.5,0.0,0.0,0.4051029543419874
0.1752577319587629,0.6666666666666667,0.0,0.36764705882352944,0.1836568756987499,0.0,0.0,0.0,0.0,0.0,1.0,0.0,0.15789473684210525,0.0,0.0,0.0,0.7142857142857142,0.75,0.0,0.8550724637681171,0.8305084745762699,0.0,0.0,0.9000000000000001,0.8,0.0,0.867816091954023,0.0,0.0,1.0,0.0,0.0,0.6666666666666667,1.0,0.0,0.0,0.0,0.5895334174022698,0.36571782178217827,0.0,0.0,0.0,0.0,0.2201963534361851,0.998447204968944,0.0,0.9015892420537897,0.0,0.0,1.0,1.0,1.0,0.0,0.0,0.6666666666666666,0.0,0.5,0.75,0.5,0.8412698412698418,0.0,0.5,0.2863636363636364,0.0,0.0,0.0,0.5393258426966292,0.0,0.0,0.0,0.0,0.0,0.0,0.0,0.0,0.0,0.09090909090909091,0.0,0.0,0.0,0.6602506714413607
0.18694158075601378,0.6666666666666667,0.0,0.7500000000000001,0.49120845614391706,0.0,0.0,0.0,0.0,0.0,0.25,0.0,0.5263157894736843,0.0,0.0,0.0,0.7142857142857142,1.0,1.0,0.8550724637681171,0.9661016949152526,0.0,0.0,0.9000000000000001,0.8,0.0,1.0,0.0,0.0,1.0,0.0,0.0,0.6666666666666667,0.4,0.35792349726775957,0.0,0.0,0.3707440100882724,0.4752475247524752,0.0,0.0,0.0,0.0,0.33169705469845717,0.858695652173913,0.0,0.8887530562347188,0.0,0.0,1.0,1.0,1.0,0.0,0.0,0.8333333333333334,0.0,0.5,0.25,0.0,0.8412698412698418,0.0,1.0,0.653030303030303,0.0,0.0,0.0,0.3707865168539326,0.36774193548387096,0.0,0.0,0.0,0.0,0.0,0.0,0.0,0.0,0.2727272727272727,1.0,0.0,0.0,0.9288272157564905
0.18831615120274917,0.0,0.0,0.5147058823529412,0.14056306535217,0.0,0.0,1.0,0.0,0.0,0.0,0.0,0.31578947368421056,0.0,0.0,0.0,0.2857142857142857,0.25,1.0,0.608695652173914,0.5423728813559308,0.0,0.0,0.30000000000000004,0.20000000000000007,1.0,0.0,1.0,0.0,0.0,1.0,0.0,0.0,0.0,0.3729508196721312,0.0,0.0,0.1450189155107188,0.26732673267326734,0.0,1.0,0.0,0.0,0.08765778401122021,0.0,0.0,0.0,0.0,0.0,0.0,0.0,0.3333333333333333,0.0,1.0,0.16666666666666663,0.0,0.0,1.0,0.0,0.571428571428573,1.0,0.0,0.036363636363636376,0.0,0.0,0.0,0.47191011235955055,0.0,0.0,0.0,0.0,0.0,0.0,0.0,0.0,0.0,0.4545454545454545,0.25,0.0,0.0,0.1880035810205909
0.206872852233677,0.6666666666666667,0.0,0.36764705882352944,0.9447098282345766,0.0,0.0,0.6666666666666666,0.0,0.0,1.0,0.0,0.0,0.0,0.0,0.0,0.7142857142857142,1.0,0.0,0.8405797101449259,0.8305084745762699,0.0,0.0,0.9000000000000001,0.8,1.0,0.0,0.0,0.0,1.0,0.0,0.0,0.6666666666666667,0.4,0.1919398907103825,0.0,0.0,0.4457755359394704,0.39851485148514854,0.0,0.0,0.0,0.0,0.3639551192145863,0.9642857142857142,0.0,1.0,0.0,0.0,1.0,1.0,1.0,0.0,0.0,0.8333333333333334,0.0,0.5,0.75,0.5,0.825396825396826,0.0,0.5,0.6712121212121213,0.0,0.0,0.0,0.5842696629213483,0.3225806451612903,0.0,0.0,0.0,0.0,0.0,0.0,0.0,0.0,0.36363636363636365,0.25,0.0,0.0,0.8258728737690242
0.20962199312714777,0.0,0.0,0.573529411764706,0.3511535725175322,0.0,0.0,1.0,0.0,0.0,1.0,0.0,0.0,0.0,0.0,0.0,0.2857142857142857,1.0,0.0,0.9275362318840585,0.9322033898305051,0.0,0.0,0.19999999999999996,0.0,0.5,0.7068965517241379,0.0,0.0,1.0,0.0,0.0,0.6666666666666667,0.4,1.0,0.0,0.0,0.31273644388398486,1.0,0.0,0.0,0.0,0.0,0.9179523141654979,0.0,0.0,0.7237163814180929,1.0,0.0,1.0,0.0,0.6666666666666667,0.0,0.0,0.6666666666666666,0.0,0.0,1.0,0.0,0.9206349206349209,0.0,1.0,0.9818181818181818,0.0,0.0,0.0,0.47191011235955055,0.0,0.0,0.0,0.0,0.0,0.0,0.0,0.0,0.0,0.5454545454545454,0.25,0.0,0.0,1.0
0.21168384879725088,0.16666666666666669,0.0,,0.5499542636446794,0.0,0.0,0.0,0.0,0.0,1.0,0.0,0.10526315789473684,0.0,0.0,0.0,0.2857142857142857,0.0,0.0,0.0,0.0,0.0,0.0,0.9000000000000001,0.8,1.0,0.0,1.0,0.0,0.0,1.0,0.0,0.6666666666666667,0.2,0.17896174863387979,0.0,0.0,0.3524590163934426,0.29517326732673266,0.0,0.0,0.0,0.0,0.11921458625525944,0.0,0.0,0.027506112469437627,0.0,0.0,0.0,0.0,0.0,0.0,1.0,0.0,0.0,0.0,1.0,1.0,0.2380952380952408,1.0,0.5,0.453030303030303,0.0,0.0,0.0,0.4438202247191011,0.0,0.0,0.0,0.0,0.0,0.0,0.0,0.0,0.0,0.1818181818181818,0.75,0.0,0.0,0.0
0.21305841924398627,0.6666666666666667,0.0,,0.07663380424839927,0.0,0.0,0.0,0.0,0.0,1.0,0.0,0.15789473684210525,0.0,0.0,0.0,0.7142857142857142,0.5,0.0,0.7681159420289845,0.7457627118644012,0.0,0.0,0.30000000000000004,0.10000000000000009,0.0,0.3218390804597701,1.0,0.0,1.0,0.0,0.0,0.6666666666666667,0.0,0.35382513661202186,0.0,0.0,0.08764186633039092,0.1936881188118812,0.0,0.5,0.0,0.0,0.004207573632538597,0.6242236024844721,0.0,0.4187041564792176,0.0,0.0,1.0,1.0,0.6666666666666667,0.0,0.0,0.33333333333333337,0.0,0.5,0.75,0.0,0.7460317460317469,0.0,0.5,0.2727272727272727,0.0,0.0,0.0,0.5337078651685393,0.4064516129032258,0.0,0.0,0.0,0.0,0.0,0.0,0.0,0.0,0.36363636363636365,0.0,0.0,0.0,0.37197851387645475
0.21649484536082475,0.6666666666666667,0.0,0.4411764705882354,0.08781380221567237,0.0,0.0,0.0,0.0,0.0,1.0,0.0,0.15789473684210525,0.0,0.0,0.0,0.7142857142857142,0.75,0.0,0.9275362318840585,0.9322033898305051,0.0,0.0,0.9000000000000001,0.8,1.0,0.0,0.0,0.0,1.0,0.0,0.0,0.6666666666666667,0.4,0.29030054644808745,0.0,0.0,0.1582597730138714,0.20544554455445546,0.0,0.0,0.0,0.0,0.017531556802243997,0.5559006211180124,0.0,0.3765281173594132,1.0,0.0,1.0,1.0,0.6666666666666667,0.0,0.0,0.33333333333333337,0.0,0.5,0.25,0.0,0.9206349206349209,0.0,0.5,0.2909090909090909,0.0,0.0,0.0,0.2808988764044944,0.32903225806451614,0.0,0.0,0.0,0.0,0.0,0.0,0.0,0.0,0.5454545454545454,0.75,0.0,0.0,0.4744852282900627
0.22749140893470793,0.0,0.0,0.42647058823529405,0.12653724972050007,0.0,0.0,1.0,0.0,0.0,1.0,0.0,0.3684210526315789,0.0,0.0,0.0,0.2857142857142857,0.25,0.5,0.2608695652173907,0.7118644067796609,0.0,0.0,1.0,0.9000000000000001,1.0,0.0,1.0,0.0,0.0,1.0,0.0,0.6666666666666667,0.8,0.5778688524590164,0.0,0.0,0.10718789407313996,0.4158415841584159,0.0,0.25,0.0,0.0,0.255960729312763,0.0,0.0,0.14669926650366744,1.0,0.0,0.0,0.0,0.6666666666666667,0.0,1.0,0.33333333333333337,0.0,0.0,1.0,0.0,0.19047619047619335,0.5,0.0,0.10303030303030303,0.0,0.0,0.0,0.0,0.0,0.0,0.0,0.0,0.0,0.0,0.0,0.0,0.0,0.6363636363636364,0.25,0.0,0.0,0.2529095792300805
0.229553264604811,0.6666666666666667,0.0,0.26470588235294124,0.2145543246264865,0.0,0.0,0.0,0.0,0.0,1.0,0.0,0.15789473684210525,0.0,0.0,0.0,0.7142857142857142,0.5,0.0,0.8405797101449259,0.8135593220338961,0.0,0.0,0.9000000000000001,0.8,1.0,0.0,1.0,0.0,1.0,0.0,0.0,0.0,0.4,0.5655737704918032,0.0,0.0,0.04728877679697352,0.34591584158415845,0.0,0.5,0.0,0.0,0.1767180925666199,0.5395962732919254,0.0,0.502444987775061,1.0,0.0,1.0,1.0,0.6666666666666667,0.0,1.0,0.4999999999999999,0.0,1.0,0.75,0.0,0.825396825396826,0.0,0.5,0.35151515151515156,0.0,0.0,0.0,0.2808988764044944,0.24516129032258063,0.0,0.0,0.0,0.0,0.0,0.0,0.0,0.0,0.5454545454545454,0.5,0.0,0.0,0.49015219337511184
0.2336769759450172,0.6666666666666667,0.0,0.6470588235294118,0.7378798658400244,0.0,0.0,1.0,0.0,0.0,1.0,0.0,0.9473684210526316,0.0,0.0,0.0,0.7142857142857142,1.0,0.0,0.8985507246376798,0.8813559322033839,0.0,0.0,0.9000000000000001,0.8,1.0,0.0,0.0,0.0,1.0,0.0,0.0,0.6666666666666667,1.0,0.0,0.0,0.0,0.5844892812105926,0.3607673267326733,0.0,0.0,0.0,0.0,0.21178120617110802,0.7104037267080745,0.0,0.6674816625916871,0.0,0.0,1.0,1.0,1.0,0.0,0.0,0.8333333333333334,0.0,0.0,1.0,0.0,0.8888888888888893,0.0,0.5,0.2893939393939394,0.0,0.0,0.0,0.3792134831460674,0.0,0.0,0.0,0.0,0.0,0.0,0.0,0.0,0.0,0.2727272727272727,1.0,0.0,0.0,0.5389435989256938
0.24467353951890036,0.0,0.0,,0.23549141172883425,0.0,0.0,0.0,0.0,0.0,1.0,0.0,0.15789473684210525,0.0,0.0,0.0,0.2857142857142857,0.5,0.5,0.7536231884057969,0.7118644067796609,0.0,0.0,0.30000000000000004,0.10000000000000009,0.0,0.3045977011494253,1.0,0.0,1.0,0.0,0.0,0.6666666666666667,0.4,0.3825136612021858,0.0,0.0,0.35182849936948296,0.47896039603960394,0.0,0.5,0.0,0.0,0.3338008415147265,0.0,0.0,0.21454767726161367,1.0,0.0,1.0,0.0,0.6666666666666667,0.0,0.0,0.33333333333333337,0.0,0.0,1.0,0.0,0.7301587301587311,0.5,0.5,0.24242424242424243,0.0,0.0,0.0,0.33707865168539325,0.16774193548387098,0.0,0.0,0.0,0.0,0.0,0.0,0.0,0.0,0.5454545454545454,0.75,0.0,0.0,0.4051029543419874
0.25292096219931276,0.0,0.0,0.5441176470588235,0.08832198394145752,0.0,0.0,1.0,0.0,0.0,1.0,0.0,0.3684210526315789,0.0,0.0,0.0,0.2857142857142857,0.25,0.5,0.2028985507246368,0.06779661016948779,0.0,0.0,0.30000000000000004,0.10000000000000009,0.0,0.5747126436781609,1.0,0.0,1.0,1.0,0.0,0.6666666666666667,0.6000000000000001,0.36885245901639346,0.0,0.0,0.4337957124842371,0.5470297029702971,0.0,0.5,0.0,0.0,0.4046283309957925,0.0,0.0,0.27628361858190703,0.0,0.0,0.0,0.0,0.3333333333333333,0.0,1.0,0.4999999999999999,0.0,0.5,0.25,0.0,0.12698412698413009,0.0,0.0,0.006060606060606044,0.0,0.0,0.0,0.0,0.632258064516129,0.0,0.0,0.0,0.0,0.0,0.0,0.0,0.0,0.1818181818181818,1.0,0.0,0.0,0.22157564905998206
0.25429553264604815,0.6666666666666667,0.0,,0.12094725073686352,0.0,0.0,0.0,0.0,0.0,1.0,0.0,0.15789473684210525,0.0,0.0,0.0,0.7142857142857142,0.5,0.0,0.8695652173913047,0.8474576271186436,0.0,0.0,0.9000000000000001,0.8,1.0,0.0,1.0,0.0,1.0,0.0,0.0,0.6666666666666667,1.0,0.0,0.0,0.0,0.5756620428751575,0.35210396039603964,0.0,0.0,0.0,0.0,0.18373071528751755,0.5520186335403726,0.0,0.5183374083129584,0.0,0.0,1.0,1.0,0.6666666666666667,0.0,1.0,0.4999999999999999,0.0,0.5,0.75,0.0,0.8571428571428577,0.5,0.5,0.33333333333333337,0.0,0.0,0.0,0.2808988764044944,0.25806451612903225,0.0,0.0,0.0,0.0,0.0,0.0,0.0,0.0,0.0,0.0,0.0,0.0,0.40241718889883615
0.25704467353951893,0.6666666666666667,0.0,0.3529411764705882,0.1289765220042688,0.0,0.0,1.0,0.0,0.0,1.0,0.0,0.0,0.0,0.0,0.0,0.7142857142857142,0.75,0.0,0.913043478260871,0.9152542372881314,0.0,0.0,0.9000000000000001,0.8,1.0,0.0,0.0,0.0,1.0,0.0,0.0,0.6666666666666667,1.0,0.0,0.0,0.0,0.508827238335435,0.286509900990099,0.0,0.0,0.0,0.0,0.1093969144460028,0.8392857142857142,0.0,0.6797066014669926,0.0,0.0,1.0,1.0,1.0,0.0,0.0,0.6666666666666666,0.0,0.5,0.25,0.5,0.9047619047619051,0.0,0.5,0.29393939393939394,0.0,0.0,0.0,0.2808988764044944,0.3096774193548387,0.0,0.0,0.0,0.0,0.0,0.0,0.0,0.0,0.5454545454545454,0.25,0.0,0.0,0.613249776186213
0.26666666666666666,0.0,0.0,0.7647058823529412,0.24911068197987607,0.0,0.0,0.0,0.0,0.0,0.25,0.0,0.0,0.0,0.0,0.0,0.2857142857142857,0.75,0.0,0.8550724637681171,0.8474576271186436,0.0,0.0,0.9000000000000001,0.8,0.0,0.35919540229885055,0.0,0.0,1.0,0.0,0.0,0.6666666666666667,1.0,0.0,0.0,0.0,0.9003783102143758,0.6707920792079208,0.0,0.0,0.0,0.0,0.5525946704067322,0.0,0.0,0.4052567237163814,0.0,0.0,1.0,0.0,0.6666666666666667,0.0,0.0,0.33333333333333337,0.0,0.0,1.0,0.0,0.8412698412698418,0.5,0.5,0.5106060606060606,0.0,0.0,0.0,0.33707865168539325,0.16129032258064516,0.0,0.0,0.0,0.0,0.0,0.0,0.0,0.0,0.5454545454545454,0.5,0.0,0.0,0.4856759176365264
0.27766323024054984,0.6666666666666667,0.0,,0.34891757292407777,0.0,0.0,0.0,0.0,0.0,1.0,0.0,0.15789473684210525,0.0,0.0,0.0,0.7142857142857142,0.5,0.0,0.7971014492753632,0.7796610169491487,0.0,0.0,0.5,0.30000000000000004,1.0,0.0,1.0,0.0,1.0,0.0,0.0,0.6666666666666667,1.0,0.0,0.0,0.0,0.48297604035308955,0.26113861386138615,0.0,0.5,0.0,0.0,0.08064516129032256,0.5947204968944099,0.0,0.4621026894865526,0.0,0.0,1.0,1.0,0.6666666666666667,0.0,1.0,0.4999999999999999,0.0,0.5,0.75,0.5,0.7777777777777786,0.0,0.5,0.20151515151515154,0.0,0.0,0.0,0.0,0.25806451612903225,0.0,0.0,0.0,0.0,0.0,0.0,0.0,0.0,0.36363636363636365,0.25,0.0,0.0,0.38272157564905995
0.29759450171821306,0.6666666666666667,0.0,0.8676470588235293,0.3971948368736661,0.0,0.0,0.0,0.0,0.0,0.0,0.0,0.15789473684210525,0.0,0.0,0.0,0.7142857142857142,0.5,0.0,0.8260869565217384,0.8135593220338961,0.0,0.0,0.9000000000000001,0.8,1.0,0.0,1.0,0.0,1.0,0.0,0.0,0.6666666666666667,1.0,0.0,0.0,0.0,0.5586380832282472,0.33539603960396036,0.0,0.0,0.0,0.0,0.16479663394109395,0.5263975155279502,0.0,0.48166259168704156,0.0,0.0,1.0,1.0,0.6666666666666667,0.0,1.0,0.4999999999999999,0.0,0.5,0.75,0.0,0.8095238095238102,0.0,0.5,0.3484848484848485,0.0,0.0,0.0,0.0,0.23225806451612904,0.0,0.0,0.0,0.0,0.0,0.0,0.0,0.0,0.5454545454545454,0.5,0.0,0.0,0.4409131602506714
0.30721649484536084,0.6666666666666667,0.0,,0.4353084663075516,0.0,0.0,0.0,0.0,0.0,0.0,0.0,0.15789473684210525,0.0,0.0,0.0,0.7142857142857142,0.75,0.0,0.8405797101449259,0.8305084745762699,0.0,0.0,0.9000000000000001,0.8,1.0,0.0,0.0,0.0,1.0,0.0,0.0,0.6666666666666667,1.0,0.0,0.0,0.0,0.5611601513240857,0.33787128712871284,0.0,0.5,0.0,0.0,0.18583450210378677,0.7220496894409938,0.0,0.6540342298288508,0.0,0.0,1.0,1.0,1.0,0.0,0.0,0.9999999999999999,0.0,0.5,0.75,0.0,0.825396825396826,0.0,0.5,0.2893939393939394,0.0,0.0,0.0,0.25,0.0,0.0,0.0,0.0,0.0,0.0,0.0,0.0,0.0,0.5454545454545454,0.0,0.0,0.0,0.5255147717099373
0.3216494845360825,0.0,0.0,0.8382352941176471,0.4570586441711556,0.0,0.0,0.0,0.0,0.0,1.0,0.0,0.5789473684210527,0.0,0.0,0.0,0.2857142857142857,1.0,0.0,0.9565217391304337,0.9491525423728788,0.0,0.0,0.9000000000000001,0.8,0.5,0.7126436781609196,0.0,0.0,1.0,0.0,0.0,0.6666666666666667,1.0,0.0,0.0,0.0,1.0,0.7685643564356437,0.0,0.0,0.0,0.0,0.6612903225806452,0.0,0.0,0.49999999999999994,0.0,0.0,1.0,0.0,0.6666666666666667,0.0,0.0,0.4999999999999999,0.0,0.5,0.25,0.0,0.9523809523809526,0.5,1.0,0.9484848484848484,0.0,0.0,0.0,0.0,0.2838709677419355,0.0,0.0,0.0,0.0,0.0,0.0,0.0,0.0,0.36363636363636365,0.25,0.0,0.0,0.7497761862130707
0.347766323024055,0.6666666666666667,0.0,0.573529411764706,0.2665921333468849,0.0,0.0,0.0,0.0,0.0,1.0,0.0,0.7894736842105263,0.0,0.0,0.0,0.7142857142857142,1.0,0.0,0.7681159420289845,0.7457627118644012,0.0,0.0,0.9000000000000001,0.8,0.0,0.35919540229885055,0.0,0.0,1.0,0.0,0.0,0.6666666666666667,0.4,0.25956284153005466,0.0,0.0,0.22509457755359397,0.2431930693069307,0.0,0.0,0.0,0.0,0.26227208976157085,0.6568322981366459,0.0,0.6693154034229829,0.0,0.0,1.0,1.0,0.6666666666666667,0.0,0.0,0.6666666666666666,0.0,0.5,0.75,0.0,0.7460317460317469,0.5,0.5,0.35,0.0,0.0,0.0,0.5112359550561798,0.5225806451612903,0.0,0.0,0.0,0.0,0.0,0.0,0.0,0.0,0.7272727272727273,0.0,0.0,0.0,0.5931065353625783
0.3718213058419244,0.6666666666666667,0.0,,0.4135582884439476,0.0,0.0,1.0,0.0,0.0,0.5,0.0,0.5263157894736843,0.0,0.0,0.0,0.7142857142857142,1.0,0.0,0.8695652173913047,0.8474576271186436,0.0,0.0,0.9000000000000001,0.8,0.0,0.20689655172413793,0.0,0.0,1.0,0.0,0.0,0.6666666666666667,1.0,0.0,0.0,0.0,0.585750315258512,0.36200495049504955,0.0,0.0,0.0,0.0,0.214586255259467,0.9999999999999999,0.0,0.897921760391198,0.0,0.0,1.0,1.0,1.0,0.0,0.0,0.6666666666666666,0.0,0.5,0.75,0.5,0.8571428571428577,0.0,1.0,0.6181818181818182,0.0,0.0,0.0,0.0,0.36129032258064514,0.0,0.0,0.0,0.0,0.0,0.0,0.0,0.0,0.4545454545454545,0.25,0.0,0.0,0.7408236347358996
0.3807560137457045,0.6666666666666667,0.0,0.6470588235294118,0.3754446590100621,0.0,0.0,1.0,0.0,0.0,1.0,0.0,0.5789473684210527,0.0,0.0,0.0,0.7142857142857142,0.75,0.0,0.913043478260871,0.9152542372881314,0.0,0.0,0.9000000000000001,0.8,0.0,0.8390804597701149,0.0,0.0,1.0,0.0,0.0,0.6666666666666667,0.4,0.5915300546448088,0.0,0.0,0.058007566204287514,0.37995049504950495,0.0,0.0,0.0,0.0,0.22089761570827487,0.8074534161490683,0.0,0.7518337408312958,1.0,0.0,1.0,1.0,0.6666666666666667,0.0,0.0,0.6666666666666666,0.0,0.5,0.25,0.5,0.9047619047619051,0.5,1.0,0.9560606060606059,0.0,0.0,0.0,0.898876404494382,0.4,0.0,0.0,0.0,0.0,0.0,0.0,0.0,0.0,0.6363636363636364,0.5,0.0,0.0,0.9019695613249776
0.38762886597938145,0.6666666666666667,0.0,,0.6519971541823356,0.0,0.0,0.0,0.0,0.0,0.25,0.0,0.5263157894736843,0.0,0.0,0.0,0.7142857142857142,0.75,0.0,0.7536231884057969,0.8474576271186436,0.0,0.0,0.30000000000000004,0.10000000000000009,1.0,0.0,0.0,0.0,1.0,0.0,0.0,0.6666666666666667,0.4,0.4972677595628415,0.0,0.0,0.20617906683480455,0.4399752475247525,0.0,0.0,0.0,0.0,0.3330995792426367,0.8765527950310559,0.0,0.9040342298288508,1.0,0.0,1.0,1.0,1.0,0.0,0.0,0.8333333333333334,0.0,0.5,0.75,0.0,0.7301587301587311,0.5,0.5,0.5303030303030303,0.0,0.0,0.0,0.0,0.25806451612903225,0.0,0.0,0.0,0.0,0.0,0.0,0.0,0.0,0.5454545454545454,0.0,0.0,0.0,0.8303491495076096
0.3896907216494846,0.0,0.0,0.42647058823529405,0.3293017583087713,0.0,0.0,0.0,0.0,0.0,1.0,0.0,0.5789473684210527,0.0,0.0,0.0,0.2857142857142857,0.75,0.0,0.9275362318840585,0.9152542372881314,0.0,0.0,0.9000000000000001,0.8,0.0,0.48275862068965514,0.0,0.0,1.0,0.0,0.0,0.6666666666666667,0.4,0.001366120218579235,0.0,0.0,0.9300126103404791,0.7011138613861386,0.0,0.0,0.0,0.0,0.5918653576437589,0.0,0.0,0.4394865525672372,0.0,0.0,1.0,0.0,0.6666666666666667,0.0,0.0,0.4999999999999999,0.0,0.0,1.0,0.0,0.9206349206349209,0.5,0.5,0.4424242424242424,0.0,0.0,0.0,0.0,0.0,0.0,0.0,0.0,0.0,0.0,0.0,0.0,0.0,0.1818181818181818,1.0,0.0,0.0,0.5886302596239928
0.39381443298969077,1.0,0.0,0.5147058823529412,0.3085679438967376,0.0,0.0,0.0,0.0,0.0,1.0,0.0,0.15789473684210525,0.0,0.0,0.0,1.0,0.75,0.0,0.8695652173913047,0.8474576271186436,0.0,0.0,0.9000000000000001,0.8,1.0,0.0,1.0,0.0,1.0,0.0,0.0,0.6666666666666667,1.0,0.0,0.0,0.0,0.21689785624211855,0.0,0.0,0.0,0.0,0.0,0.058204768583450195,0.5093167701863354,0.0,0.3753056234718826,0.0,0.0,1.0,1.0,0.6666666666666667,0.0,1.0,0.6666666666666666,0.0,0.5,0.75,0.5,0.8571428571428577,0.5,0.5,0.24242424242424243,0.0,0.0,0.0,0.2808988764044944,0.0,0.0,0.0,0.0,0.0,0.0,0.0,0.0,0.0,0.9999999999999999,0.25,0.0,0.0,0.39167412712623095
0.40549828178694164,0.6666666666666667,0.0,0.3382352941176471,0.14117288342311218,0.0,0.0,1.0,0.0,0.0,1.0,0.0,0.0,0.0,0.0,0.0,0.7142857142857142,0.75,0.0,0.9275362318840585,0.9152542372881314,0.0,0.0,0.9000000000000001,0.8,1.0,0.0,0.0,0.0,1.0,0.0,0.0,0.6666666666666667,0.4,0.33469945355191255,0.0,0.0,0.15132408575031528,0.23886138613861385,0.0,0.0,0.0,0.0,0.055399719495091204,0.6304347826086956,0.0,0.46821515892420534,0.0,0.0,1.0,1.0,0.6666666666666667,0.0,0.0,0.33333333333333337,0.0,0.0,1.0,0.0,0.9206349206349209,0.5,0.5,0.4242424242424242,0.0,0.0,0.0,0.0,0.2903225806451613,0.0,0.0,0.0,0.0,0.0,0.0,0.0,0.0,0.7272727272727273,0.5,0.0,0.0,0.4628469113697403
0.41512027491408937,0.0,0.0,0.6911764705882354,0.5968086187620693,0.0,0.0,0.0,0.0,0.0,1.0,0.0,0.0,0.0,0.0,0.0,0.2857142857142857,0.75,0.0,0.8985507246376798,0.8813559322033839,0.0,0.0,0.9000000000000001,0.8,0.0,0.28448275862068967,0.0,0.0,1.0,0.0,0.0,0.3333333333333333,0.4,0.6297814207650273,0.0,0.0,0.3354350567465322,0.6868811881188119,0.0,0.0,0.0,0.0,0.5631136044880787,0.0,0.0,0.4144254278728606,1.0,0.0,1.0,0.0,0.6666666666666667,0.0,0.0,0.33333333333333337,0.0,0.5,0.75,0.0,0.8888888888888893,0.5,0.5,0.43939393939393934,0.0,0.0,0.0,0.5393258426966292,0.23225806451612904,0.0,0.0,0.0,0.0,0.0,0.0,0.0,0.0,0.7272727272727273,0.5,0.0,0.0,0.6199641897940913
0.42336769759450177,0.6666666666666667,0.0,,0.09452180099603624,0.0,0.0,0.0,0.0,0.0,1.0,0.0,0.15789473684210525,0.0,0.0,0.0,0.7142857142857142,0.5,0.0,0.8985507246376798,0.8983050847457577,0.0,0.0,0.9000000000000001,0.8,1.0,0.0,0.0,0.0,1.0,0.0,0.0,0.6666666666666667,0.4,0.3121584699453552,0.0,0.0,0.18032786885245902,0.2469059405940594,0.0,0.0,0.0,0.0,0.08134642356241234,0.5450310559006211,0.0,0.4235941320293399,1.0,0.0,1.0,1.0,0.6666666666666667,0.0,0.0,0.4999999999999999,0.0,0.5,0.25,0.0,0.8888888888888893,0.0,0.5,0.2318181818181818,0.0,0.0,0.0,0.2808988764044944,0.4838709677419355,0.0,0.0,0.0,0.0,0.0,0.0,0.0,0.0,0.4545454545454545,0.0,0.0,0.0,0.45076096687555955
0.42749140893470794,0.0,0.0,0.4411764705882354,0.013517633905884785,0.0,0.0,1.0,0.0,0.0,1.0,0.0,0.736842105263158,0.0,0.0,0.0,0.2857142857142857,0.25,0.5,0.5362318840579725,0.45762711864406214,0.0,0.0,0.6,0.5,0.0,0.4396551724137931,1.0,0.0,0.0,1.0,0.0,0.6666666666666667,0.2,0.3825136612021858,0.0,0.0,0.2395964691046658,0.3688118811881188,0.0,1.0,0.0,0.0,0.20266479663394116,0.0,0.0,0.10024449877750613,0.0,0.0,0.0,0.0,0.6666666666666667,0.0,1.0,0.33333333333333337,0.0,0.0,1.0,1.0,0.6349206349206362,1.0,0.5,0.36969696969696964,0.0,0.0,0.0,0.5393258426966292,0.0,0.0,0.0,0.0,0.0,0.0,0.0,0.0,0.0,0.5454545454545454,0.75,0.0,0.0,0.23500447627573862
0.44810996563573885,0.6666666666666667,0.0,0.42647058823529405,0.18487651184063425,0.0,0.0,1.0,0.0,0.0,1.0,0.0,0.0,0.0,0.0,0.0,0.7142857142857142,0.75,0.0,0.8115942028985508,0.7796610169491487,0.0,0.0,0.9000000000000001,0.8,1.0,0.0,0.0,0.0,1.0,0.0,0.0,0.6666666666666667,1.0,0.0,0.0,0.0,0.5296343001261034,0.306930693069307,0.0,0.0,0.0,0.0,0.152875175315568,0.6265527950310559,0.0,0.550122249388753,0.0,0.0,1.0,1.0,0.3333333333333333,0.0,0.0,0.4999999999999999,0.0,0.5,0.75,0.0,0.7936507936507944,0.5,0.5,0.4121212121212121,0.0,0.0,0.0,0.0,0.7741935483870968,0.0,0.0,0.0,0.0,0.0,0.0,0.0,0.0,0.5454545454545454,0.75,0.0,0.0,0.4856759176365264
0.45704467353951894,0.6666666666666667,0.0,0.9558823529411765,0.433275739404411,0.0,0.0,0.0,0.0,0.0,0.0,0.0,0.15789473684210525,0.0,0.0,0.0,0.7142857142857142,1.0,0.0,0.8695652173913047,0.8474576271186436,0.0,0.0,0.9000000000000001,0.8,0.0,0.11494252873563218,0.0,0.0,1.0,0.0,0.0,0.6666666666666667,1.0,0.0,0.0,0.0,0.8612862547288777,0.6324257425742574,0.0,0.0,0.0,0.0,0.5350631136044881,0.374223602484472,0.0,0.6845965770171147,0.0,0.0,1.0,1.0,0.6666666666666667,0.0,0.0,0.4999999999999999,0.0,0.5,0.75,0.0,0.8571428571428577,0.5,0.5,0.4,0.0,0.0,0.0,0.5280898876404494,0.8,0.0,0.0,0.0,0.0,0.0,0.0,0.0,0.0,0.9090909090909091,0.0,0.0,0.0,0.6624888093106536
0.45841924398625433,0.0,0.0,0.3529411764705882,0.12135379611749164,0.0,0.0,1.0,0.0,0.0,1.0,0.0,0.7894736842105263,0.0,0.0,0.0,0.2857142857142857,0.5,0.0,0.7826086956521721,0.8135593220338961,0.0,0.0,0.30000000000000004,0.10000000000000009,0.0,0.7413793103448276,1.0,0.0,1.0,0.0,0.0,0.6666666666666667,0.4,0.7773224043715847,0.0,0.0,0.1450189155107188,0.6336633663366337,0.0,0.0,0.0,0.0,0.6928471248246846,0.0,0.0,0.5275061124694376,1.0,0.0,1.0,0.0,0.6666666666666667,0.0,0.0,0.4999999999999999,0.0,0.5,0.0,0.0,0.7619047619047628,0.5,0.5,0.5075757575757576,0.0,0.0,0.0,0.6292134831460674,0.2709677419354839,0.0,0.0,0.0,0.0,0.0,0.0,0.0,0.0,0.8181818181818182,0.5,0.0,0.0,0.4968666069829901
0.4604810996563574,0.6666666666666667,0.0,0.3382352941176471,0.17298505945726195,0.0,0.0,1.0,0.0,0.0,0.5,0.0,0.0,0.0,0.0,0.0,0.7142857142857142,0.5,0.0,0.9420289855072461,0.9322033898305051,0.0,0.0,0.9000000000000001,0.8,1.0,0.0,0.0,0.0,1.0,0.0,0.0,0.6666666666666667,0.4,0.13183060109289618,0.0,0.0,0.3184110970996217,0.2190594059405941,0.0,0.0,0.0,0.0,0.032959326788218835,0.5729813664596273,0.0,0.40342298288508555,1.0,0.0,1.0,1.0,0.6666666666666667,0.0,0.0,0.4999999999999999,0.0,0.0,1.0,0.0,0.9365079365079367,0.0,0.5,0.4545454545454546,0.0,0.0,0.0,0.2808988764044944,0.22580645161290322,0.0,0.0,0.0,0.0,0.0,0.0,0.0,0.0,0.09090909090909091,0.75,0.0,0.0,0.40734109221128023
0.4618556701030928,0.0,0.0,,0.4389673747332047,0.0,0.0,0.0,0.0,0.0,1.0,0.0,1.0,0.0,0.0,0.0,0.2857142857142857,0.5,0.5,0.5362318840579725,0.45762711864406214,0.0,0.0,0.6,0.5,1.0,0.0,0.0,0.0,0.0,0.0,0.0,0.6666666666666667,0.0,0.5239071038251366,0.0,0.0,0.25283732660781844,0.5099009900990099,0.0,1.0,0.0,0.0,0.36255259467040674,0.0,0.0,0.23960880195599016,1.0,0.0,0.0,1.0,0.6666666666666667,0.0,1.0,0.33333333333333337,0.0,0.5,0.75,0.0,0.49206349206349387,0.5,0.5,0.4636363636363636,0.0,0.0,0.0,0.5561797752808989,0.2709677419354839,0.0,0.0,0.0,0.0,0.0,0.0,0.0,0.0,0.4545454545454545,0.0,0.0,0.0,0.3692927484333035
0.4701030927835052,0.6666666666666667,0.0,0.25,1.0,0.0,0.0,0.3333333333333333,0.0,0.0,0.25,0.0,0.5263157894736843,0.0,0.0,0.0,0.7142857142857142,0.75,0.0,0.8405797101449259,0.8135593220338961,0.0,0.0,0.9000000000000001,0.8,0.0,0.08620689655172414,0.0,0.0,1.0,0.0,0.0,0.6666666666666667,1.0,0.0,0.0,0.0,0.7282471626733922,0.5018564356435644,0.0,0.5,0.0,0.0,0.3534361851332399,0.49999999999999994,0.0,0.6253056234718826,0.0,0.0,1.0,1.0,1.0,0.0,1.0,0.4999999999999999,0.0,0.0,1.0,0.0,0.825396825396826,0.0,0.5,0.3727272727272727,0.0,0.0,0.0,0.0,0.5225806451612903,0.0,0.0,0.0,0.0,0.0,0.0,0.0,0.0,0.4545454545454545,1.0,0.0,0.0,0.6199641897940913
0.4941580756013746,0.0,0.0,0.4117647058823529,0.3037910356743573,0.0,0.0,0.0,0.0,0.0,1.0,0.0,0.0,0.0,0.0,0.0,0.2857142857142857,0.25,0.5,0.42028985507246475,0.32203389830507945,0.0,0.0,0.30000000000000004,0.5,1.0,0.0,1.0,0.0,0.0,0.0,0.0,0.0,0.0,0.3572404371584699,0.0,0.0,0.2572509457755359,0.3632425742574258,0.0,1.0,0.0,0.0,0.1963534361851333,0.0,0.0,0.0947432762836185,0.0,0.0,0.0,1.0,0.6666666666666667,0.0,1.0,0.16666666666666663,0.0,0.5,0.5,0.0,0.36507936507936734,1.0,0.0,0.09090909090909088,0.0,0.0,0.0,0.0,0.0,0.0,0.0,0.0,0.0,0.0,0.0,0.0,0.0,0.36363636363636365,0.0,0.0,0.0,0.20590868397493278
0.5079037800687286,0.6666666666666667,0.0,0.3529411764705882,0.2420977741640411,0.0,0.0,0.0,0.0,0.0,1.0,0.0,0.0,0.0,0.0,0.0,0.7142857142857142,0.75,0.0,0.9275362318840585,0.9152542372881314,0.0,0.0,0.9000000000000001,0.8,1.0,0.0,0.0,0.0,1.0,0.0,0.0,0.6666666666666667,1.0,0.0,0.0,0.0,0.519546027742749,0.29702970297029707,0.0,0.0,0.0,0.0,0.12131837307152876,0.670807453416149,0.0,0.5574572127139363,0.0,0.0,1.0,1.0,0.6666666666666667,0.0,0.0,0.4999999999999999,0.0,0.0,1.0,0.0,0.9206349206349209,0.5,0.5,0.503030303030303,0.0,0.0,0.0,0.5252808988764045,0.36129032258064514,0.0,0.0,0.0,0.0,0.0,0.0,0.0,0.0,0.2727272727272727,0.75,0.0,0.0,0.48119964189794084
0.5127147766323025,0.6666666666666667,0.0,,0.1894501473727005,0.0,0.0,0.0,0.0,0.0,1.0,0.0,0.15789473684210525,0.0,0.0,0.0,0.7142857142857142,0.75,0.0,0.8695652173913047,0.8474576271186436,0.0,0.0,0.9000000000000001,0.8,1.0,0.0,0.0,0.0,1.0,0.0,0.0,0.6666666666666667,0.4,0.20491803278688525,0.0,0.0,0.3858764186633039,0.35148514851485146,0.0,0.0,0.0,0.0,0.20266479663394116,0.9906832298136645,0.0,0.8801955990220047,0.0,0.0,1.0,1.0,1.0,0.0,0.0,0.6666666666666666,0.0,0.5,0.75,0.5,0.8571428571428577,0.0,0.5,0.4757575757575757,0.0,0.0,0.0,0.6292134831460674,0.34838709677419355,0.0,0.0,0.0,0.0,0.0,0.0,0.0,0.0,0.2727272727272727,0.75,0.0,0.0,0.6871083258728738
0.5374570446735396,0.0,0.0,0.38235294117647056,0.9507063725988413,0.0,0.0,0.3333333333333333,0.0,0.0,1.0,0.0,0.0,0.0,0.0,0.0,0.2857142857142857,0.75,0.0,0.8840579710144922,0.8813559322033839,0.0,0.0,0.9000000000000001,0.8,1.0,0.0,0.0,0.0,1.0,0.0,0.0,0.6666666666666667,1.0,0.0,0.0,0.0,0.8656998738965952,0.6367574257425743,0.0,0.0,0.0,0.0,0.5182328190743339,0.0,0.0,0.3753056234718826,0.0,0.0,1.0,0.0,0.6666666666666667,0.0,0.0,0.33333333333333337,0.0,0.0,1.0,0.0,0.8730158730158735,0.5,0.5,0.553030303030303,0.0,0.0,0.0,0.0,0.2129032258064516,0.0,0.0,0.0,0.0,0.0,0.0,0.0,0.0,0.4545454545454545,0.75,0.0,0.0,0.4682184422560429
0.5408934707903781,0.6666666666666667,0.0,0.5147058823529412,0.3263543042992175,0.0,0.0,0.0,0.0,0.0,1.0,0.0,0.7894736842105263,0.0,0.0,0.0,0.7142857142857142,0.75,0.0,0.9275362318840585,0.9152542372881314,0.0,0.0,0.9000000000000001,0.8,1.0,0.0,0.0,0.0,1.0,0.0,0.0,0.6666666666666667,0.4,0.44808743169398907,0.0,0.0,0.1639344262295082,0.35396039603960394,0.0,0.0,0.0,0.0,0.18583450210378677,0.8757763975155279,0.0,0.7750611246943764,1.0,0.0,1.0,1.0,1.0,0.0,0.0,0.6666666666666666,0.0,0.0,1.0,0.5,0.9206349206349209,0.5,0.5,0.5727272727272728,0.0,0.0,0.0,0.0,0.2903225806451613,0.0,0.0,0.0,0.0,0.0,0.0,0.0,0.0,0.0,1.0,0.0,0.0,0.6736794986571173
0.563573883161512,0.6666666666666667,0.0,0.4558823529411765,0.029982721821323333,0.0,0.0,0.0,0.0,0.0,0.25,0.0,0.0,0.0,0.0,0.0,0.7142857142857142,0.75,0.0,0.913043478260871,0.8983050847457577,0.0,0.0,0.9000000000000001,0.8,1.0,0.0,0.0,0.0,1.0,0.0,0.0,0.6666666666666667,1.0,0.0,0.0,0.0,0.47793190416141235,0.2561881188118812,0.0,0.0,0.0,0.0,0.07503506311360447,0.6537267080745341,0.0,0.5036674816625917,0.0,0.0,1.0,1.0,0.6666666666666667,0.0,0.0,0.33333333333333337,0.0,0.0,1.0,0.0,0.9047619047619051,0.5,0.5,0.5378787878787878,0.0,0.0,0.0,0.0,0.2903225806451613,0.0,0.0,0.0,0.0,0.0,0.0,0.0,0.0,0.4545454545454545,0.5,0.0,0.0,0.4498657117278424
0.568384879725086,0.0,0.0,0.3529411764705882,0.16241487956093104,0.0,0.0,0.0,0.0,0.0,1.0,0.0,0.7894736842105263,0.0,0.0,0.0,0.2857142857142857,0.75,0.0,0.8840579710144922,0.8644067796610173,0.0,0.0,0.9000000000000001,0.8,1.0,0.0,0.0,0.0,1.0,0.0,0.0,0.6666666666666667,0.4,0.01366120218579235,0.0,0.0,0.8789407313997477,0.6621287128712872,0.0,0.0,0.0,0.0,0.5210378681626928,0.0,0.0,0.3777506112469437,0.0,0.0,1.0,0.0,0.6666666666666667,0.0,0.0,0.33333333333333337,0.0,0.5,0.75,0.0,0.8730158730158735,0.5,0.5,0.4348484848484848,0.0,0.0,0.0,0.8146067415730337,0.25161290322580643,0.0,0.0,0.0,0.0,0.0,0.0,0.0,0.0,0.2727272727272727,0.75,0.0,0.0,0.4767233661593554
0.5718213058419245,0.6666666666666667,0.0,0.044117647058823595,0.26598231527594274,0.0,0.0,0.0,0.0,0.0,0.25,0.0,0.0,0.0,0.0,0.0,0.7142857142857142,0.75,0.5,0.913043478260871,0.8983050847457577,0.0,0.0,0.9000000000000001,0.8,0.0,0.6408045977011494,0.0,0.0,1.0,0.0,0.0,0.6666666666666667,0.4,0.32991803278688525,0.0,0.0,0.2635561160151324,0.3446782178217822,0.0,0.0,0.0,0.0,0.17531556802244036,0.6894409937888198,0.0,0.6191931540342297,1.0,0.0,1.0,1.0,0.6666666666666667,0.0,0.0,0.4999999999999999,0.0,0.5,0.75,0.0,0.9047619047619051,0.5,0.5,0.5651515151515152,0.0,0.0,0.0,0.5393258426966292,0.25161290322580643,0.0,0.0,0.0,0.0,0.0,0.0,0.0,0.0,0.0,1.0,0.0,0.0,0.6915846016114593
0.5759450171821306,0.0,0.0,0.5000000000000001,0.26364467933733104,0.0,0.0,1.0,0.0,0.0,1.0,0.0,0.0,0.0,0.0,0.0,0.2857142857142857,0.25,0.5,0.7971014492753632,0.9491525423728788,0.0,0.0,0.9000000000000001,0.8,1.0,0.0,1.0,0.0,1.0,0.0,0.0,0.6666666666666667,1.0,0.0,0.0,0.0,0.667717528373266,0.44245049504950495,0.0,0.0,0.0,0.0,0.28611500701262277,0.0,0.0,0.17298288508557452,0.0,0.0,0.0,1.0,0.6666666666666667,0.0,0.0,0.33333333333333337,0.0,0.0,1.0,0.0,0.8412698412698418,1.0,0.0,0.16969696969696968,0.0,0.0,0.0,0.7808988764044944,0.0,0.0,0.0,0.0,0.0,0.0,0.0,0.0,0.0,0.4545454545454545,0.5,0.0,0.0,0.27529095792300806
0.5766323024054983,0.5,0.0,0.42647058823529405,0.49151336517938826,0.0,0.0,1.0,0.0,0.0,1.0,0.0,0.10526315789473684,0.0,0.0,0.0,0.0,0.25,0.5,0.08695652173912904,0.762711864406775,0.0,0.0,0.5,0.30000000000000004,1.0,0.0,1.0,0.0,0.0,1.0,0.0,0.6666666666666667,0.2,0.24043715846994534,0.0,0.0,0.23707440100882726,0.2376237623762376,0.0,0.0,0.0,0.0,0.05399719495091165,0.3354037267080745,0.0,0.234718826405868,0.0,0.0,0.0,0.0,0.6666666666666667,0.0,1.0,0.33333333333333337,0.0,0.0,1.0,1.0,0.0,1.0,0.0,0.0,0.0,0.0,0.0,0.0,0.0,0.0,0.0,0.0,0.0,0.0,0.0,0.0,0.0,0.36363636363636365,0.5,0.0,0.0,0.21486123545210378
0.5890034364261169,0.6666666666666667,0.0,0.3529411764705882,0.12135379611749164,0.0,0.0,1.0,0.0,0.0,1.0,0.0,0.15789473684210525,0.0,0.0,0.0,0.7142857142857142,0.5,0.0,0.7826086956521721,0.762711864406775,0.0,0.0,0.30000000000000004,0.10000000000000009,1.0,0.0,1.0,0.0,1.0,0.0,0.0,0.6666666666666667,1.0,0.0,0.0,0.0,0.41740226986128626,0.1967821782178218,0.0,0.5,0.0,0.0,0.007713884992987363,0.6048136645962733,0.0,0.406479217603912,0.0,0.0,1.0,1.0,0.6666666666666667,0.0,1.0,0.33333333333333337,0.0,0.5,0.75,0.0,0.7619047619047628,0.0,0.5,0.156060606060606,0.0,0.0,0.0,0.0,0.23225806451612904,0.0,0.0,0.0,0.0,0.0,0.0,0.0,0.0,0.1818181818181818,0.75,0.0,0.0,0.40957923008057295
0.5986254295532647,0.6666666666666667,0.0,0.42647058823529405,0.18487651184063425,0.0,0.0,1.0,0.0,0.0,1.0,0.0,0.0,0.0,0.0,0.0,0.7142857142857142,0.5,0.0,0.8405797101449259,0.8135593220338961,0.0,0.0,0.9000000000000001,0.8,0.0,0.3333333333333333,1.0,0.0,1.0,0.0,0.0,0.6666666666666667,0.4,0.34494535519125685,0.0,0.0,0.16330390920554855,0.2599009900990099,0.0,0.0,0.0,0.0,0.07924263674614312,0.6816770186335404,0.0,0.5293398533007334,0.0,0.0,1.0,1.0,0.6666666666666667,0.0,0.0,0.4999999999999999,0.0,0.0,1.0,0.0,0.825396825396826,0.5,0.5,0.42878787878787883,0.0,0.0,0.0,0.0,0.4967741935483871,0.0,0.0,0.0,0.0,0.0,0.0,0.0,0.0,0.4545454545454545,1.0,0.0,0.0,0.5282005371530886
0.6185567010309279,0.0,0.0,,0.041569265169224545,0.0,0.0,0.0,0.0,0.0,1.0,0.0,0.3684210526315789,0.0,0.0,0.0,0.2857142857142857,0.0,0.5,0.4492753623188399,0.3559322033898269,0.0,0.0,0.30000000000000004,0.10000000000000009,1.0,0.0,1.0,0.0,0.0,1.0,0.0,0.6666666666666667,0.0,0.21994535519125682,0.0,0.0,0.31273644388398486,0.29331683168316836,0.0,1.0,0.0,0.0,0.11711079943899022,0.0,0.0,0.02567237163814179,0.0,0.0,0.0,0.0,0.3333333333333333,0.0,1.0,0.0,0.0,0.0,1.0,1.0,0.5238095238095255,1.0,0.0,0.6727272727272727,0.0,0.0,0.0,0.0,0.0,0.0,0.0,0.0,0.0,0.0,0.0,0.0,0.0,0.4545454545454545,0.25,0.0,0.0,0.12309758281110111
0.6199312714776632,0.6666666666666667,0.0,0.32352941176470595,0.09594470982823466,0.0,0.0,1.0,0.0,0.0,1.0,0.0,0.15789473684210525,0.0,0.0,0.0,0.7142857142857142,0.75,0.0,0.913043478260871,0.8983050847457577,0.0,0.0,0.9000000000000001,0.8,1.0,0.0,0.0,0.0,1.0,0.0,0.0,0.6666666666666667,1.0,0.0,0.0,0.0,0.46847414880201765,0.2469059405940594,0.0,0.0,0.0,0.0,0.08134642356241234,0.5450310559006211,0.0,0.4235941320293399,0.0,0.0,1.0,1.0,0.6666666666666667,0.0,0.0,0.6666666666666666,0.0,0.5,0.25,0.0,0.9047619047619051,0.0,0.5,0.2318181818181818,0.0,0.0,0.0,0.0,0.4838709677419355,0.0,0.0,0.0,0.0,0.0,0.0,0.0,0.0,0.5454545454545454,0.0,0.0,0.0,0.43643688451208595
0.6384879725085911,0.6666666666666667,0.0,,0.617440796828946,0.0,0.0,0.0,0.0,0.0,0.0,0.0,0.15789473684210525,0.0,0.0,0.0,0.7142857142857142,0.75,0.0,0.8260869565217384,0.7966101694915224,0.0,0.0,0.30000000000000004,0.10000000000000009,0.0,0.8189655172413793,1.0,0.0,1.0,0.0,0.0,0.6666666666666667,1.0,0.0,0.0,0.0,0.5825977301387137,0.3589108910891089,0.0,0.5,0.0,0.0,0.21178120617110802,0.9650621118012421,0.0,0.8679706601466992,0.0,0.0,1.0,1.0,1.0,0.0,0.0,0.6666666666666666,0.0,0.5,0.75,0.5,0.8095238095238102,0.0,0.5,0.6090909090909091,0.0,0.0,0.0,0.0,0.0,0.0,0.0,0.0,0.0,0.0,0.0,0.0,0.0,0.9090909090909091,0.0,0.0,0.0,0.6244404655326767
0.643298969072165,0.0,0.0,0.38235294117647056,0.32035775993495286,0.0,0.0,1.0,0.0,0.0,1.0,0.0,0.7894736842105263,0.0,0.0,0.0,0.2857142857142857,0.75,0.0,0.913043478260871,0.8983050847457577,0.0,0.0,0.9000000000000001,0.8,1.0,,0.0,0.0,1.0,0.0,0.0,0.6666666666666667,0.4,0.5689890710382514,0.0,0.0,0.19104665825977302,0.4900990099009901,0.0,0.0,0.0,0.0,0.35694249649368864,0.0,0.0,0.234718826405868,1.0,0.0,1.0,0.0,0.3333333333333333,0.0,0.0,0.16666666666666663,0.0,0.0,1.0,0.0,0.9047619047619051,0.5,0.5,0.4772727272727273,0.0,0.0,0.0,0.0,0.2645161290322581,0.0,0.0,0.0,0.0,0.0,0.0,0.0,0.0,0.6363636363636364,0.75,0.0,0.0,0.4583706356311549
0.6439862542955327,0.6666666666666667,0.0,0.5000000000000001,0.27889013111088534,0.0,0.0,1.0,0.0,0.0,1.0,0.0,0.8421052631578947,0.0,0.0,0.0,0.7142857142857142,0.75,0.0,0.9420289855072461,0.9322033898305051,0.0,0.0,0.9000000000000001,0.8,1.0,0.0,0.0,0.0,1.0,0.0,0.0,0.3333333333333333,0.4,0.23292349726775957,0.0,0.0,0.46153846153846156,0.4511138613861386,0.0,0.0,0.0,0.0,0.2959326788218794,0.6661490683229814,0.0,0.7059902200488997,0.0,0.0,1.0,1.0,0.6666666666666667,0.0,0.0,0.6666666666666666,0.0,0.5,0.25,0.0,0.9365079365079367,0.5,0.5,0.6803030303030303,0.0,0.0,0.0,0.0,0.3096774193548387,0.0,0.0,0.0,0.0,0.0,0.0,0.0,0.0,0.09090909090909091,0.75,0.0,0.0,0.7632050134288273
0.6515463917525773,0.6666666666666667,0.0,0.3529411764705882,0.7190771419859742,0.0,0.0,0.0,0.0,0.0,1.0,0.0,0.0,0.0,0.0,0.0,0.7142857142857142,0.75,0.0,0.8985507246376798,0.8813559322033839,0.0,0.0,0.9000000000000001,0.8,0.0,0.41379310344827586,0.0,0.0,1.0,0.0,0.0,1.0,1.0,0.0,0.0,0.0,0.5649432534678436,0.34158415841584155,0.0,0.0,0.0,0.0,0.1718092566619916,0.6521739130434783,0.0,0.5867970660146697,0.0,0.0,1.0,1.0,0.6666666666666667,0.0,0.0,0.4999999999999999,0.0,0.5,0.75,0.0,0.8888888888888893,0.5,0.5,0.3545454545454545,0.0,0.0,0.0,0.4044943820224719,0.6193548387096774,0.0,0.0,0.0,0.0,0.0,0.0,0.0,0.0,0.09090909090909091,0.0,0.0,0.0,0.4923903312444047
0.6584192439862544,0.0,0.0,0.3529411764705882,0.15438560829352577,0.0,0.0,1.0,0.0,0.0,1.0,0.0,0.0,0.0,0.0,0.0,0.2857142857142857,0.75,0.0,0.913043478260871,0.8983050847457577,0.0,0.0,0.9000000000000001,0.8,1.0,0.0,0.0,0.0,1.0,0.0,0.0,0.3333333333333333,0.4,0.4774590163934426,0.0,0.0,0.3770491803278689,0.5897277227722773,0.0,0.0,0.0,0.0,0.453015427769986,0.0,0.0,0.3184596577017114,1.0,0.0,1.0,0.0,0.6666666666666667,0.0,0.0,0.33333333333333337,0.0,0.0,1.0,0.0,0.9047619047619051,0.5,0.5,0.4409090909090909,0.0,0.0,0.0,0.0,0.25161290322580643,0.0,0.0,0.0,0.0,0.0,0.0,0.0,0.0,0.8181818181818182,0.25,0.0,0.0,0.4588182632050134
0.6625429553264606,0.6666666666666667,0.0,0.573529411764706,0.44567537351356845,0.0,0.0,1.0,0.0,0.0,0.0,0.0,0.9473684210526316,0.0,0.0,0.0,0.7142857142857142,0.75,0.0,0.8985507246376798,0.8983050847457577,0.0,0.0,0.9000000000000001,0.8,0.0,0.12643678160919541,0.0,0.0,1.0,0.0,0.0,0.6666666666666667,0.4,0.4262295081967213,0.0,0.0,0.09646910466582598,0.2679455445544555,0.0,0.0,0.0,0.0,0.0932678821879383,0.8307453416149068,0.0,0.658924205378973,1.0,0.0,1.0,1.0,1.0,0.0,0.0,0.6666666666666666,0.0,0.5,0.25,0.5,0.8888888888888893,0.0,0.5,0.40909090909090906,0.0,0.0,0.0,0.0,0.25806451612903225,0.0,0.0,0.0,0.0,0.0,0.0,0.0,0.0,0.09090909090909091,1.0,0.0,0.0,0.5926589077887198
0.6756013745704468,0.6666666666666667,0.0,,0.4389673747332047,0.0,0.0,1.0,0.0,0.0,0.0,0.0,0.0,0.0,0.0,0.0,0.7142857142857142,1.0,0.0,0.8985507246376798,0.8813559322033839,0.0,0.0,0.19999999999999996,0.0,1.0,0.0,0.0,0.0,1.0,0.0,0.0,0.3333333333333333,1.0,0.0,0.0,0.0,0.6860025220680958,0.46039603960396036,0.0,0.0,0.0,0.0,0.32117812061711076,0.8858695652173912,0.0,0.9009779951100243,0.0,0.0,1.0,1.0,1.0,0.0,0.0,0.8333333333333334,0.0,0.5,0.25,0.0,0.8888888888888893,1.0,0.5,0.8166666666666668,0.0,0.0,0.0,0.0,0.0,0.0,0.0,0.0,0.0,0.0,0.0,0.0,0.0,0.36363636363636365,0.5,0.0,0.0,0.7761862130707251
0.6975945017182131,0.6666666666666667,0.0,0.42647058823529405,0.14930379103567437,0.0,0.0,1.0,0.0,0.0,1.0,0.0,0.47368421052631576,0.0,0.0,0.0,0.7142857142857142,1.0,0.5,0.8840579710144922,0.8644067796610173,0.0,0.0,0.9000000000000001,0.8,1.0,0.0,0.0,0.0,1.0,0.0,0.0,0.6666666666666667,0.4,0.43920765027322406,0.0,0.0,0.08007566204287515,0.2636138613861386,0.0,0.0,0.0,0.0,0.08345021037868167,0.6638198757763975,0.0,0.5189486552567237,1.0,0.0,1.0,1.0,0.6666666666666667,0.0,0.0,0.33333333333333337,0.0,0.0,1.0,0.0,0.8730158730158735,0.0,0.5,0.4363636363636364,0.0,0.0,0.0,0.0,0.2903225806451613,0.0,0.0,0.0,0.0,0.0,0.0,0.0,0.0,0.9090909090909091,0.75,0.0,0.0,0.6468218442256042
0.6996563573883162,1.0,0.0,,0.39160483789002953,0.0,0.0,0.0,0.0,0.0,0.5,0.0,0.15789473684210525,0.0,0.0,0.0,1.0,0.75,0.0,0.7391304347826093,0.7118644067796609,0.0,0.0,0.30000000000000004,0.10000000000000009,0.0,0.21839080459770116,0.0,0.0,1.0,0.0,0.0,0.6666666666666667,1.0,0.0,0.0,0.0,0.21689785624211855,0.0,0.0,0.5,0.0,0.0,0.07784011220196357,0.5201863354037267,0.0,0.40097799511002447,0.0,0.0,1.0,1.0,0.6666666666666667,0.0,0.0,0.4999999999999999,0.0,0.5,0.75,0.0,0.7142857142857153,0.5,0.5,0.24545454545454548,0.0,0.0,0.0,0.4606741573033708,0.0,0.0,0.0,0.0,0.0,0.0,0.0,0.0,0.0,0.36363636363636365,0.25,0.0,0.0,0.34691136974037595
0.7010309278350516,0.0,0.0,0.27941176470588236,0.009452180099603691,0.0,0.0,1.0,0.0,0.0,1.0,0.0,0.10526315789473684,0.0,0.0,0.0,0.2857142857142857,0.0,0.0,0.9420289855072461,0.9322033898305051,0.0,0.0,0.9000000000000001,0.8,1.0,0.0,1.0,0.0,1.0,0.0,0.0,0.6666666666666667,0.4,0.6994535519125683,0.0,0.0,0.04287515762925599,0.46287128712871284,0.0,0.0,0.0,0.0,0.3092566619915848,0.0,0.0,0.19315403422982885,1.0,0.0,0.0,1.0,0.3333333333333333,0.0,0.0,0.16666666666666663,0.0,0.0,1.0,0.0,0.9365079365079367,0.0,0.5,0.3196969696969697,0.0,0.0,0.0,0.7078651685393258,0.4129032258064516,0.0,0.0,0.0,0.0,0.0,0.0,0.0,0.0,0.4545454545454545,0.5,0.0,0.0,0.41853178155774395
0.7099656357388316,0.0,0.0,,0.12135379611749164,0.0,0.0,1.0,0.0,0.0,1.0,0.0,0.0,0.0,0.0,0.0,0.2857142857142857,0.75,0.0,0.8985507246376798,0.8813559322033839,0.0,0.0,0.9000000000000001,0.8,0.5,0.8477011494252873,0.0,0.0,1.0,0.0,0.0,0.6666666666666667,0.4,0.6734972677595629,0.0,0.0,0.39596469104665827,0.7858910891089108,0.0,0.0,0.0,0.0,0.6753155680224405,0.0,0.0,0.5122249388753055,1.0,0.0,1.0,0.0,0.6666666666666667,0.0,0.0,0.33333333333333337,0.0,0.0,1.0,0.0,0.8888888888888893,1.0,1.0,0.9999999999999999,0.0,0.0,0.0,0.0,0.8774193548387097,0.0,0.0,0.0,0.0,0.0,0.0,0.0,0.0,0.09090909090909091,0.0,0.0,0.0,0.6602506714413607
0.7243986254295534,0.6666666666666667,0.0,0.7205882352941176,0.4508588271165769,0.0,0.0,1.0,0.0,0.0,0.0,0.0,0.0,0.0,0.0,0.0,0.7142857142857142,1.0,0.0,0.8985507246376798,0.8813559322033839,0.0,0.0,0.9000000000000001,0.8,0.0,0.603448275862069,0.0,0.0,1.0,0.0,0.0,0.3333333333333333,0.4,0.6366120218579235,0.0,0.0,0.058638083228247165,0.4214108910891089,0.0,0.0,0.0,0.0,0.2805049088359047,0.6972049689440993,0.0,0.7169926650366747,1.0,0.0,1.0,1.0,0.6666666666666667,0.0,0.0,0.4999999999999999,0.0,0.5,0.25,0.0,0.8888888888888893,0.0,0.5,0.5242424242424242,0.0,0.0,0.0,0.5589887640449438,0.3870967741935484,0.0,0.0,0.0,0.0,0.0,0.0,0.0,0.0,0.9090909090909091,0.0,0.0,0.0,0.7721575649059982
0.7326460481099657,0.6666666666666667,0.0,0.26470588235294124,0.09208252871226752,0.0,0.0,0.0,0.0,0.0,1.0,0.0,0.15789473684210525,0.0,0.0,0.0,0.7142857142857142,0.5,1.0,0.7681159420289845,0.7457627118644012,0.0,0.0,0.9000000000000001,0.8,1.0,0.0,0.0,0.0,1.0,0.0,0.0,0.6666666666666667,1.0,0.0,0.0,0.0,0.478562421185372,0.2568069306930693,0.0,0.5,0.0,0.0,0.07573632538569425,0.5993788819875776,0.0,0.46149144254278723,0.0,0.0,1.0,1.0,0.6666666666666667,0.0,1.0,0.4999999999999999,0.0,0.5,0.75,0.0,0.7460317460317469,0.5,0.5,0.21212121212121215,0.0,0.0,0.0,0.0,0.25806451612903225,0.0,0.0,0.0,0.0,0.0,0.0,0.0,0.0,0.36363636363636365,0.75,0.0,0.0,0.42748433303491495
0.7415807560137457,0.0,0.0,0.3529411764705882,0.18741742046956,0.0,0.0,1.0,0.0,0.0,1.0,0.0,0.0,0.0,0.0,0.0,0.2857142857142857,0.25,0.0,0.7826086956521721,0.7457627118644012,0.0,0.0,0.9000000000000001,0.8,1.0,0.0,1.0,0.0,1.0,0.0,0.0,0.6666666666666667,0.4,0.33811475409836067,0.0,0.0,0.28688524590163933,0.375,0.0,0.5,0.0,0.0,0.2096774193548387,0.0,0.0,0.10635696821515889,0.0,0.0,0.0,0.0,0.6666666666666667,0.0,1.0,0.16666666666666663,0.0,0.0,1.0,0.0,0.7936507936507944,1.0,0.0,0.08939393939393936,0.0,0.0,0.0,0.0,0.4129032258064516,0.0,0.0,0.0,0.0,0.0,0.0,0.0,0.0,0.2727272727272727,0.25,0.0,0.0,0.19471799462846906
0.7436426116838488,0.0,0.0,0.42647058823529405,0.18477487549547722,0.0,0.0,1.0,0.0,0.0,1.0,0.0,0.0,0.0,0.0,0.0,0.2857142857142857,0.75,0.0,0.8985507246376798,0.8813559322033839,0.0,0.0,0.9000000000000001,0.8,0.0,0.28735632183908044,0.0,0.0,1.0,0.0,0.0,0.6666666666666667,1.0,0.0,0.0,0.0,0.8947036569987389,0.6652227722772277,0.0,0.0,0.0,0.0,0.5385694249649369,0.0,0.0,0.39303178484107576,0.0,0.0,1.0,0.0,0.6666666666666667,0.0,0.0,0.33333333333333337,0.0,0.5,0.25,0.0,0.8888888888888893,0.5,0.5,0.4348484848484848,0.0,0.0,0.0,0.5393258426966292,0.25161290322580643,0.0,0.0,0.0,0.0,0.0,0.0,0.0,0.0,0.7272727272727273,0.25,0.0,0.0,0.49015219337511184
0.7450171821305842,0.6666666666666667,0.0,,0.6199817054578717,0.0,0.0,0.3333333333333333,0.0,0.0,0.0,0.0,0.15789473684210525,0.0,0.0,0.0,0.7142857142857142,0.5,0.0,0.7971014492753632,0.7796610169491487,0.0,0.0,0.30000000000000004,0.10000000000000009,1.0,0.0,1.0,0.0,1.0,0.0,0.0,0.6666666666666667,0.0,0.40437158469945356,0.0,0.0,0.03720050441361916,0.18997524752475248,0.0,0.5,0.0,0.0,0.0,0.6265527950310559,0.0,0.41687041564792177,0.0,0.0,1.0,1.0,0.6666666666666667,0.0,1.0,0.33333333333333337,0.0,0.5,0.75,0.0,0.7777777777777786,0.0,0.5,0.2560606060606061,0.0,0.0,0.0,0.8848314606741573,0.2838709677419355,0.0,0.0,0.0,0.0,0.0,0.0,0.0,0.0,0.5454545454545454,0.0,0.0,0.0,0.4700089525514771
0.752577319587629,0.0,0.0,0.5441176470588235,0.24250431954466922,0.0,0.0,0.0,0.0,0.0,1.0,0.0,0.0,0.0,0.0,0.0,0.2857142857142857,0.5,0.0,0.9565217391304337,0.9491525423728788,0.0,0.0,0.9000000000000001,0.8,1.0,0.0,0.0,0.0,1.0,0.0,0.0,0.6666666666666667,0.4,0.01639344262295082,0.0,0.0,0.7881462799495585,0.5754950495049506,0.0,0.5,0.0,0.0,0.4368863955119215,0.0,0.0,0.30440097799510996,0.0,0.0,1.0,0.0,0.6666666666666667,0.0,0.0,0.33333333333333337,0.0,0.5,0.25,0.0,0.9523809523809526,0.5,0.5,0.303030303030303,0.0,0.0,0.0,0.0,0.14193548387096774,0.0,0.0,0.0,0.0,0.0,0.0,0.0,0.0,0.1818181818181818,0.25,0.0,0.0,0.42046553267681286
0.7628865979381444,0.6666666666666667,0.0,,0.1086492529728631,0.0,0.0,1.0,0.0,0.0,1.0,0.0,0.15789473684210525,0.0,0.0,0.0,0.7142857142857142,0.5,0.0,0.7971014492753632,0.7796610169491487,0.0,0.0,0.30000000000000004,0.10000000000000009,1.0,0.0,1.0,0.0,1.0,0.0,0.0,0.6666666666666667,0.4,0.14959016393442623,0.0,0.0,0.32408575031525855,0.2407178217821782,0.0,0.5,0.0,0.0,0.05750350631136042,0.687111801242236,0.0,0.5146699266503667,1.0,0.0,1.0,1.0,0.6666666666666667,0.0,1.0,0.6666666666666666,0.0,0.5,0.75,0.0,0.7777777777777786,0.0,0.5,0.2893939393939394,0.0,0.0,0.0,0.6292134831460674,0.5419354838709678,0.0,0.0,0.0,0.0,0.0,0.0,0.0,0.0,0.4545454545454545,0.5,0.0,0.0,0.47224709042076984
0.7649484536082475,0.0,0.0,0.36764705882352944,0.20245959955280013,0.0,0.0,1.0,0.0,0.0,1.0,0.0,0.3684210526315789,0.0,0.0,0.0,0.2857142857142857,0.25,1.0,0.18840579710144922,0.9491525423728788,0.0,0.0,1.0,0.9000000000000001,1.0,0.0,1.0,0.0,0.0,1.0,0.0,0.6666666666666667,0.2,0.43920765027322406,0.0,0.0,0.20491803278688525,0.38613861386138615,0.0,0.5,0.0,0.0,0.22230014025245443,0.0,0.0,0.11735941320293392,1.0,0.0,0.0,0.0,0.3333333333333333,0.0,0.0,0.33333333333333337,0.0,0.0,1.0,0.0,0.11111111111111427,1.0,0.0,0.0,0.0,0.0,0.0,0.0,0.11612903225806452,0.0,0.0,0.0,0.0,0.0,0.0,0.0,0.0,0.36363636363636365,0.25,0.0,0.0,0.23276633840644578
0.7725085910652921,1.0,0.0,,0.22299014127451977,0.0,0.0,0.0,0.0,0.0,1.0,0.0,0.15789473684210525,0.0,0.0,0.0,1.0,0.75,0.0,0.7536231884057969,0.7118644067796609,0.0,0.0,0.30000000000000004,0.10000000000000009,0.0,0.4885057471264368,1.0,0.0,1.0,0.0,0.0,0.6666666666666667,1.0,0.0,0.0,0.0,0.21689785624211855,0.0,0.0,0.5,0.0,0.0,0.0848527349228611,0.5201863354037267,0.0,0.4070904645476772,0.0,0.0,1.0,1.0,0.6666666666666667,0.0,0.0,0.4999999999999999,0.0,0.5,0.75,0.0,0.7301587301587311,0.0,0.5,0.23030303030303034,0.0,0.0,0.0,0.2808988764044944,0.16129032258064516,0.0,0.0,0.0,0.0,0.0,0.0,0.0,0.0,0.5454545454545454,0.25,0.0,0.0,0.36436884512085943
0.7786941580756014,0.6666666666666667,0.0,0.573529411764706,0.2944404919199106,0.0,0.0,0.0,0.0,0.0,1.0,0.0,0.7894736842105263,0.0,0.0,0.0,0.7142857142857142,1.0,0.0,0.7971014492753632,0.762711864406775,0.0,0.0,0.9000000000000001,0.8,1.0,0.0,0.0,0.0,1.0,0.0,0.0,0.6666666666666667,0.4,0.3989071038251366,0.0,0.0,0.31778058007566207,0.46039603960396036,0.0,0.0,0.0,0.0,0.31626928471248245,0.6816770186335404,0.0,0.7359413202933984,0.0,0.0,1.0,1.0,0.6666666666666667,0.0,0.0,0.6666666666666666,0.0,0.5,0.75,0.0,0.7777777777777786,0.5,0.5,0.3424242424242424,0.0,0.0,0.0,0.0,1.0,0.0,0.0,0.0,0.0,0.0,0.0,0.0,0.0,0.4545454545454545,0.75,0.0,0.0,0.702775290957923
0.7876288659793815,0.0,0.0,,0.4338855574753532,0.0,0.0,1.0,0.0,0.0,1.0,0.0,0.7894736842105263,0.0,0.0,0.0,0.2857142857142857,0.5,0.0,0.6521739130434767,0.5932203389830448,0.0,0.0,1.0,1.0,0.0,0.2442528735632184,0.0,0.0,0.0,0.0,0.0,0.6666666666666667,0.4,0.8592896174863388,0.0,0.0,0.0,0.5655940594059407,0.0,1.0,0.0,0.0,0.4256661991584853,0.0,0.0,0.2946210268948655,1.0,0.0,1.0,0.0,0.6666666666666667,0.0,0.0,0.16666666666666663,0.0,0.5,0.75,0.0,0.6190476190476204,1.0,0.5,0.24696969696969695,0.0,0.0,0.0,0.4634831460674157,0.16774193548387098,0.0,0.0,0.0,0.0,0.0,0.0,0.0,0.0,0.36363636363636365,0.0,0.0,0.0,0.43643688451208595
0.7986254295532647,0.0,0.0,1.0,0.18223396686655158,0.0,0.0,1.0,0.0,0.0,1.0,0.0,0.736842105263158,0.0,0.0,0.0,0.2857142857142857,0.25,0.0,0.4057971014492736,0.3050847457627057,0.0,0.0,0.9000000000000001,0.8,1.0,0.0,1.0,0.0,0.0,0.0,0.0,0.6666666666666667,0.2,0.3360655737704918,0.0,0.0,0.22824716267339218,0.31559405940594065,0.0,0.5,0.0,0.0,0.14235624123422158,0.0,0.0,0.04767726161369196,0.0,0.0,0.0,0.0,0.6666666666666667,0.0,1.0,0.16666666666666663,0.0,0.5,0.5,0.0,0.3492063492063515,0.0,0.5,0.3181818181818181,0.0,0.0,0.0,0.0,0.0,0.0,0.0,0.0,0.0,0.0,0.0,0.0,0.0,0.36363636363636365,0.25,0.0,0.0,0.20814682184422562
0.8164948453608248,0.6666666666666667,0.0,0.3970588235294118,0.2036792356946845,0.0,0.0,0.0,0.0,0.0,1.0,0.0,0.0,0.0,0.0,0.0,0.7142857142857142,0.75,0.0,0.8985507246376798,0.8813559322033839,0.0,0.0,0.9000000000000001,0.8,0.0,0.2729885057471264,0.0,0.0,1.0,0.0,0.0,0.6666666666666667,1.0,0.0,0.0,0.0,0.4987389659520807,0.2766089108910891,0.0,0.0,0.0,0.0,0.09817671809256662,0.6436335403726707,0.0,0.5158924205378972,0.0,0.0,1.0,1.0,0.6666666666666667,0.0,0.0,0.4999999999999999,0.0,0.0,1.0,0.0,0.8888888888888893,0.5,0.5,0.3833333333333333,0.0,0.0,0.0,0.4044943820224719,0.43870967741935485,0.0,0.0,0.0,0.0,0.0,0.0,0.0,0.0,0.5454545454545454,0.75,0.0,0.0,0.5035810205908684
0.8171821305841925,0.6666666666666667,0.0,0.27941176470588236,0.05783108039434903,0.0,0.0,1.0,0.0,0.0,1.0,0.0,0.15789473684210525,0.0,0.0,0.0,0.7142857142857142,0.75,0.0,0.8550724637681171,0.8305084745762699,0.0,0.0,0.9000000000000001,0.8,1.0,0.0,1.0,0.0,1.0,1.0,0.0,0.6666666666666667,1.0,0.0,0.0,0.0,0.6015132408575031,0.3774752475247525,0.0,0.5,0.0,0.0,0.2363253856942497,0.6024844720496894,0.0,0.6039119804400976,0.0,0.0,1.0,1.0,0.6666666666666667,0.0,0.0,0.4999999999999999,0.0,0.5,0.75,0.0,0.8412698412698418,0.0,0.5,0.30606060606060603,0.0,0.0,0.0,0.3932584269662921,0.3870967741935484,0.0,0.0,0.0,0.0,0.0,0.0,0.0,0.0,0.4545454545454545,1.0,0.0,0.0,0.4767233661593554
0.8213058419243987,0.6666666666666667,0.0,0.1470588235294118,0.11159670698241697,0.0,0.0,0.0,0.0,0.0,1.0,0.0,0.15789473684210525,0.0,0.0,0.0,0.7142857142857142,0.5,0.0,0.9420289855072461,0.9322033898305051,0.0,0.0,0.9000000000000001,0.8,1.0,0.0,1.0,0.0,1.0,0.0,0.0,0.6666666666666667,1.0,0.0,0.0,0.0,0.4337957124842371,0.2128712871287129,0.0,0.0,0.0,0.0,0.02594670406732119,0.5652173913043478,0.0,0.3911980440097799,0.0,0.0,1.0,1.0,0.6666666666666667,0.0,0.0,0.6666666666666666,0.0,0.0,1.0,0.0,0.9365079365079367,0.0,0.5,0.24242424242424243,0.0,0.0,0.0,0.2808988764044944,0.15483870967741936,0.0,0.0,0.0,0.0,0.0,0.0,0.0,0.0,0.5454545454545454,0.5,0.0,0.0,0.41853178155774395
0.8233676975945018,0.0,0.0,0.42647058823529405,0.22044923264559413,0.0,0.0,1.0,0.0,0.0,1.0,0.0,0.0,0.0,0.0,0.0,0.2857142857142857,0.75,0.0,0.8840579710144922,0.8644067796610173,0.0,0.0,0.9000000000000001,0.8,1.0,0.0,0.0,0.0,1.0,0.0,0.0,0.6666666666666667,1.0,0.0,0.0,0.0,0.7389659520807061,0.5123762376237624,0.0,0.0,0.0,0.0,0.3653576437587657,0.0,0.0,0.24205378973105135,0.0,0.0,1.0,0.0,0.6666666666666667,0.0,0.0,0.33333333333333337,0.0,0.0,1.0,0.0,0.8730158730158735,0.5,0.5,0.5045454545454545,0.0,0.0,0.0,1.0,0.0,0.0,0.0,0.0,0.0,0.0,0.0,0.0,0.0,0.4545454545454545,0.75,0.0,0.0,0.42748433303491495
0.8240549828178695,0.0,0.0,0.5000000000000001,0.4374428295558491,0.0,0.0,1.0,0.0,0.0,1.0,0.0,0.736842105263158,0.0,0.0,0.0,0.2857142857142857,0.0,0.0,0.33333333333333215,0.4915254237288096,0.0,0.0,0.30000000000000004,0.10000000000000009,0.0,0.14655172413793102,1.0,0.0,0.0,1.0,0.0,0.6666666666666667,0.8,0.37363387978142076,0.0,0.0,0.2925598991172762,0.4127475247524752,0.0,0.5,0.0,0.0,0.4845722300140252,0.0,0.0,0.3459657701711491,0.0,0.0,0.0,1.0,0.6666666666666667,0.0,1.0,0.33333333333333337,0.0,0.5,0.5,0.0,0.4444444444444464,1.0,0.5,0.3318181818181818,0.0,0.0,0.0,0.0,0.5290322580645161,0.0,0.0,0.0,0.0,0.0,0.0,0.0,0.0,0.8181818181818182,0.0,0.0,0.0,0.29319606087735006
0.850171821305842,0.6666666666666667,0.0,0.0,0.5551377172476878,0.0,0.0,0.3333333333333333,0.0,0.0,0.5,0.0,0.0,0.0,0.0,0.0,0.7142857142857142,0.75,0.0,0.9275362318840585,0.9322033898305051,0.0,0.0,0.9000000000000001,0.8,1.0,0.0,0.0,0.0,1.0,0.0,0.0,0.6666666666666667,1.0,0.0,0.0,0.0,0.508827238335435,0.286509900990099,0.0,0.0,0.0,0.0,0.1093969144460028,0.8548136645962733,0.0,0.6919315403422983,0.0,0.0,1.0,1.0,1.0,0.0,0.0,0.6666666666666666,0.0,0.5,0.25,0.5,0.9206349206349209,0.0,0.5,0.29393939393939394,0.0,0.0,0.0,0.2808988764044944,0.3096774193548387,0.0,0.0,0.0,0.0,0.0,0.0,0.0,0.0,0.7272727272727273,0.0,0.0,0.0,0.5035810205908684
0.8522336769759451,0.6666666666666667,0.0,0.3529411764705882,0.12470779550767364,0.0,0.0,1.0,0.0,0.0,1.0,0.0,0.0,0.0,0.0,0.0,0.7142857142857142,0.75,0.0,0.913043478260871,0.8983050847457577,0.0,0.0,0.9000000000000001,0.8,0.0,0.7241379310344828,0.0,0.0,1.0,0.0,0.0,0.6666666666666667,0.4,0.3756830601092896,0.0,0.0,0.1853720050441362,0.30940594059405946,0.0,0.0,0.0,0.0,0.13534361851332405,0.686335403726708,0.0,0.5819070904645476,1.0,0.0,1.0,1.0,0.6666666666666667,0.0,0.0,0.6666666666666666,0.0,0.0,1.0,0.0,0.9047619047619051,0.5,0.5,0.4590909090909091,0.0,0.0,0.0,0.0,0.4064516129032258,0.0,0.0,0.0,0.0,0.0,0.0,0.0,0.0,0.5454545454545454,0.5,0.0,0.0,0.6374216651745748
0.8618556701030928,0.6666666666666667,0.0,0.27941176470588236,0.0,0.0,0.0,1.0,0.0,0.0,1.0,0.0,0.10526315789473684,0.0,0.0,0.0,0.7142857142857142,0.75,0.0,0.913043478260871,0.9152542372881314,0.0,0.0,0.9000000000000001,0.8,0.5,0.26436781609195403,0.0,0.0,1.0,0.0,0.0,0.6666666666666667,1.0,0.0,0.0,0.0,0.4451450189155107,0.22400990099009904,0.0,0.0,0.0,0.0,0.04838709677419356,0.6956521739130435,0.0,0.513447432762836,0.0,0.0,1.0,1.0,0.6666666666666667,0.0,0.0,0.4999999999999999,0.0,0.5,0.25,0.5,0.9047619047619051,0.0,0.5,0.2378787878787879,0.0,0.0,0.0,0.5,0.8258064516129032,0.0,0.0,0.0,0.0,0.0,0.0,0.0,0.0,0.5454545454545454,0.5,0.0,0.0,0.3710832587287377
0.8646048109965636,1.0,0.0,0.26470588235294124,0.2699461327370668,0.0,0.0,0.0,0.0,0.0,1.0,0.0,0.15789473684210525,0.0,0.0,0.0,1.0,0.75,0.0,0.9420289855072461,0.9322033898305051,0.0,0.0,0.9000000000000001,0.8,0.5,0.5229885057471264,0.0,0.0,1.0,0.0,0.0,0.0,0.4,0.4474043715846995,0.0,0.0,0.10151324085750314,0.2920792079207921,0.0,0.0,0.0,0.0,0.3330995792426367,0.0,0.0,0.21393643031784843,1.0,0.0,1.0,0.0,0.3333333333333333,0.0,0.0,0.16666666666666663,0.0,0.0,1.0,0.0,0.9365079365079367,0.0,0.5,0.24242424242424243,0.0,0.0,0.0,0.5955056179775281,0.0,0.0,0.0,0.0,0.0,0.0,0.0,0.0,0.0,0.5454545454545454,0.5,0.0,0.0,0.48119964189794084
0.879725085910653,0.0,0.0,0.38235294117647056,0.29240776501677,0.0,0.0,0.0,0.0,0.0,1.0,0.0,0.0,0.0,0.0,0.0,0.2857142857142857,0.75,0.0,0.8985507246376798,0.8813559322033839,0.0,0.0,0.9000000000000001,0.8,0.0,0.3160919540229885,0.0,0.0,1.0,0.0,0.0,0.6666666666666667,0.4,0.5382513661202186,0.0,0.0,0.469735182849937,0.7357673267326733,0.0,0.0,0.0,0.0,0.6185133239831697,0.0,0.0,0.46271393643031783,1.0,0.0,1.0,0.0,0.6666666666666667,0.0,0.0,0.33333333333333337,0.0,0.0,1.0,0.0,0.8888888888888893,0.5,0.5,0.4606060606060606,0.0,0.0,0.0,0.0,0.4645161290322581,0.0,0.0,0.0,0.0,0.0,0.0,0.0,0.0,0.1818181818181818,0.75,0.0,0.0,0.6468218442256042
0.8934707903780069,0.6666666666666667,0.0,,0.38936883829657487,0.0,0.0,0.0,0.0,0.0,0.25,0.0,0.15789473684210525,0.0,0.0,0.0,0.7142857142857142,0.75,0.0,0.8550724637681171,0.8305084745762699,0.0,0.0,0.9000000000000001,0.8,1.0,0.9885057471264368,0.0,0.0,1.0,0.0,0.0,0.6666666666666667,0.4,0.47404371584699456,0.0,0.0,0.15384615384615385,0.36757425742574257,0.0,0.0,0.0,0.0,0.2201963534361851,0.7593167701863354,0.0,0.713325183374083,0.0,0.0,1.0,1.0,0.6666666666666667,0.0,0.0,0.8333333333333334,0.0,0.5,0.75,0.0,0.8412698412698418,0.0,0.5,0.3787878787878788,0.0,0.0,0.0,0.0,0.0,0.0,0.0,0.0,0.0,0.0,0.0,0.0,0.0,0.36363636363636365,0.75,0.0,0.0,0.6378692927484333
0.9085910652920963,0.6666666666666667,0.0,0.9705882352941176,0.3308263034861266,0.0,0.0,0.0,0.0,0.0,1.0,0.0,0.5263157894736843,0.0,0.0,0.0,0.7142857142857142,0.75,0.0,0.7536231884057969,0.7118644067796609,0.0,0.0,0.30000000000000004,0.10000000000000009,1.0,0.0,0.0,0.0,1.0,0.0,0.0,0.6666666666666667,0.4,0.4603825136612022,0.0,0.0,0.022698612862547287,0.22648514851485152,0.0,0.0,0.0,0.0,0.25946704067321175,0.6692546583850931,0.0,0.6766503667481663,1.0,0.0,1.0,1.0,0.6666666666666667,0.0,0.0,0.6666666666666666,0.0,0.5,0.75,0.0,0.7301587301587311,0.5,0.5,0.49090909090909085,0.0,0.0,0.0,0.6741573033707865,0.25161290322580643,0.0,0.0,0.0,0.0,0.0,0.0,0.0,0.0,0.4545454545454545,1.0,0.0,0.0,0.48119964189794084
0.9195876288659794,0.6666666666666667,0.0,0.7941176470588235,0.6625673340786665,0.0,0.0,0.0,0.0,0.0,0.0,0.0,0.0,0.0,0.0,0.0,0.7142857142857142,0.75,0.0,0.8985507246376798,0.8813559322033839,0.0,0.0,0.9000000000000001,0.8,1.0,0.0,0.0,0.0,1.0,0.0,0.0,0.6666666666666667,0.4,0.4781420765027322,0.0,0.0,0.11097099621689786,0.3292079207920793,0.0,0.0,0.0,0.0,0.1605890603085554,0.7305900621118012,0.0,0.6387530562347188,1.0,0.0,1.0,1.0,0.6666666666666667,0.0,0.0,0.6666666666666666,0.0,0.0,1.0,0.5,0.8888888888888893,0.5,0.5,0.38181818181818183,0.0,0.0,0.0,0.4101123595505618,0.5870967741935483,0.0,0.0,0.0,0.0,0.0,0.0,0.0,0.0,0.4545454545454545,0.0,0.0,0.0,0.5259623992837958
0.9223367697594502,0.6666666666666667,0.0,,0.24839922756377686,0.0,0.0,1.0,0.0,0.0,1.0,0.0,0.0,0.0,0.0,0.0,0.7142857142857142,1.0,0.0,0.8985507246376798,0.8813559322033839,0.0,0.0,0.9000000000000001,0.8,0.0,0.4281609195402299,0.0,0.0,1.0,0.0,0.0,0.6666666666666667,1.0,0.0,0.0,0.0,0.7843631778058007,0.556930693069307,0.0,0.0,0.0,0.0,0.41584852734922867,0.687111801242236,0.0,0.8270171149144254,0.0,0.0,1.0,1.0,0.6666666666666667,0.0,0.0,0.4999999999999999,0.0,0.5,0.25,0.0,0.8888888888888893,0.5,0.5,0.6166666666666667,0.0,0.0,0.0,0.5393258426966292,0.5612903225806452,0.0,0.0,0.0,0.0,0.0,0.0,0.0,0.0,0.6363636363636364,0.25,0.0,0.0,0.6535362578334825
0.9326460481099658,0.0,0.0,,0.5697733509502999,0.0,0.0,0.0,0.0,0.0,0.25,0.0,0.3684210526315789,0.0,0.0,0.0,0.2857142857142857,0.25,0.5,0.4492753623188399,0.9830508474576263,0.0,0.0,0.9000000000000001,0.8,1.0,0.0,1.0,0.0,0.0,1.0,0.0,0.6666666666666667,0.4,0.5013661202185792,0.0,0.0,0.19167717528373268,0.4294554455445545,0.0,0.0,0.0,0.0,0.2713884992987377,0.0,0.0,0.16014669926650366,1.0,0.0,0.0,1.0,0.6666666666666667,0.0,1.0,0.33333333333333337,0.0,0.5,0.0,0.0,0.39682539682539897,0.0,0.5,0.3939393939393939,0.0,0.0,0.0,0.0,0.0,0.0,0.0,0.0,0.0,0.0,0.0,0.0,0.0,0.2727272727272727,1.0,0.0,0.0,0.30170098478066243
0.9491408934707904,0.0,0.0,,0.6092082528712267,0.0,0.0,0.0,0.0,0.0,0.0,0.0,0.3684210526315789,0.0,0.0,0.0,0.2857142857142857,0.5,1.0,0.43478260869565233,0.33898305084745317,0.0,0.0,0.0,0.5,1.0,0.0,1.0,0.0,0.0,1.0,0.0,0.3333333333333333,0.2,0.5908469945355191,0.0,0.0,0.18915510718789408,0.5080445544554456,0.0,0.0,0.0,0.0,1.0,0.0,0.0,0.7952322738386308,0.0,0.0,1.0,1.0,1.0,0.0,1.0,0.4999999999999999,0.0,1.0,0.25,0.0,0.38095238095238315,0.0,0.5,0.4696969696969697,0.0,0.0,0.0,0.0,0.2709677419354839,0.0,0.0,0.0,0.0,0.0,0.0,0.0,0.0,0.36363636363636365,0.5,0.0,0.0,0.6938227394807519
0.9628865979381444,0.6666666666666667,0.0,0.3088235294117647,0.049191991056001694,0.0,0.0,0.0,0.0,0.0,1.0,0.0,0.15789473684210525,0.0,0.0,0.0,0.7142857142857142,0.5,0.0,0.9275362318840585,0.9152542372881314,0.0,0.0,0.9000000000000001,0.8,1.0,0.0,1.0,0.0,1.0,1.0,0.0,0.6666666666666667,0.4,0.5184426229508197,0.0,0.0,0.025220680958385876,0.28155940594059403,0.0,0.0,0.0,0.0,0.12131837307152876,0.5659937888198757,0.0,0.47493887530562345,1.0,0.0,1.0,1.0,0.6666666666666667,0.0,1.0,0.6666666666666666,0.0,0.5,0.75,0.0,0.9206349206349209,0.0,0.5,0.23939393939393938,0.0,0.0,0.0,0.2808988764044944,0.4838709677419355,0.0,0.0,0.0,0.0,0.0,0.0,0.0,0.0,0.2727272727272727,0.5,0.0,0.0,0.4946284691136974
0.9690721649484537,0.6666666666666667,0.0,0.5588235294117648,0.5578818985669275,0.0,0.0,1.0,0.0,0.0,1.0,0.0,0.0,0.0,0.0,0.0,0.7142857142857142,0.75,0.0,0.8840579710144922,0.8644067796610173,0.0,0.0,0.9000000000000001,0.8,1.0,0.0,0.0,0.0,1.0,0.0,0.0,0.6666666666666667,0.4,0.45491803278688525,0.0,0.0,0.15006305170239598,0.3465346534653465,0.0,0.0,0.0,0.0,0.1774193548387097,0.6956521739130435,0.0,0.6259168704156479,1.0,0.0,1.0,1.0,0.6666666666666667,0.0,0.0,0.33333333333333337,0.0,0.0,1.0,0.0,0.8730158730158735,0.5,0.5,0.5787878787878787,0.0,0.0,0.0,0.0,0.2903225806451613,0.0,0.0,0.0,0.0,0.0,0.0,0.0,0.0,0.4545454545454545,0.75,0.0,0.0,0.6602506714413607
0.9848797250859107,0.6666666666666667,0.0,0.7647058823529412,0.3384490293729038,0.0,0.0,0.0,0.0,0.0,1.0,0.0,0.15789473684210525,0.0,0.0,0.0,0.7142857142857142,0.5,0.0,0.8695652173913047,0.8474576271186436,0.0,0.0,0.9000000000000001,0.8,0.0,0.9137931034482758,1.0,0.0,1.0,0.0,0.0,0.6666666666666667,1.0,0.0,0.0,0.0,0.5649432534678436,0.34158415841584155,0.0,0.0,0.0,0.0,0.19004207573632542,0.6444099378881987,0.0,0.5965770171149143,1.0,0.0,1.0,1.0,0.6666666666666667,0.0,1.0,0.6666666666666666,0.0,0.5,0.75,0.0,0.8571428571428577,0.0,0.5,0.3196969696969697,0.0,0.0,0.0,0.0,0.0,0.0,0.0,0.0,0.0,0.0,0.0,0.0,0.0,0.36363636363636365,0.5,0.0,0.0,0.4655326768128917
1.0,0.6666666666666667,0.0,0.3088235294117647,0.10021343632482982,0.0,0.0,1.0,0.0,0.0,1.0,0.0,0.15789473684210525,0.0,0.0,0.0,0.7142857142857142,0.5,0.0,0.8550724637681171,0.8474576271186436,0.0,0.0,0.9000000000000001,0.8,1.0,0.0,1.0,0.0,1.0,0.0,0.0,0.6666666666666667,1.0,0.0,0.0,0.0,0.5756620428751575,0.35210396039603964,0.0,0.0,0.0,0.0,0.18373071528751755,0.5388198757763975,0.0,0.5079462102689485,0.0,0.0,1.0,1.0,0.6666666666666667,0.0,1.0,0.4999999999999999,0.0,0.5,0.75,0.0,0.8412698412698418,0.5,0.5,0.33333333333333337,0.0,0.0,0.0,0.0,0.25806451612903225,0.0,0.0,0.0,0.0,0.0,0.0,0.0,0.0,0.6363636363636364,0.25,0.0,0.0,0.4140555058191584
